Name,Kategorie,Unterkategorie,Menge,Status,Geschmack,Nutzung,Beschreibung
Aperol,Aperitif / Bitter,Aperitif,1 Flasche,Unbekannt,"Bitter, Fruchtig, Zitrisch, Süß, Kräuterig","Aperitif, Spritz, Modifier","Leuchtend orangefarbener italienischer Aperitif mit milder Bitterkeit, Orange, Kräutern, Rhabarber, Chinarinde und Enzian. Aperol wirkt leichter und zugänglicher als klassische Bitter und ist ideal für Spritz, Aperitif-Drinks und frische Sommerdrinks."
Averna,Aperitif / Bitter,Amaro,1 Flasche,Ungeöffnet,"Süß, Kräuterig, Bitter, Zitrisch","Digestif, Modifier","Sizilianischer Amaro mit weicher Süße, Kräutern, Gewürzen, mediterranen Aromen und feiner Zitrusnote. Averna ist vollmundig, harmonisch und eignet sich pur auf Eis ebenso wie als dunkler, runder Amaro-Akzent in Cocktails."
Campari,Aperitif / Bitter,Bitter Aperitif,1 Flasche,Ungeöffnet,"Bitter, Kräuterig, Zitrisch, Fruchtig","Spritz, Aperitif, Modifier","Ikonischer roter Bitter-Aperitif aus Italien mit markanter Bitterkeit, Kräutern, Gewürzen und Orangennoten. Campari bringt Struktur, Farbe und Tiefe in Klassiker wie Negroni, Americano, Boulevardier und Campari Spritz."
Aperitivo Bavarese,Aperitif / Bitter,Aperitif,1 Flasche,Unbekannt,"Bitter, Zitrisch, Fruchtig, Kräuterig, Floral","Aperitif, Spritz, Modifier","Bayerischer Aperitivo mit frischer Zitrusnote, Wacholder, Kräutern und floralen Akzenten. Er funktioniert als moderne, grüne Alternative für Spritz-Drinks, Hugo-Varianten und leichte Aperitif-Serves."
Cynar,Aperitif / Bitter,Amaro / Bitter,1 Flasche,Geöffnet,"Bitter, Kräuterig, Süß","Aperitif, Digestif, Spritz, Modifier","Italienischer Amaro auf Basis von Artischocke und weiteren Botanicals. Cynar schmeckt nicht dominant nach Artischocke, sondern bittersüß, kräutrig, leicht vegetal und bringt Tiefe in Spritzes, Amaro-Drinks und dunkle Cocktail-Twists."
Ramazzotti,Aperitif / Bitter,Amaro,1 Flasche,Unbekannt,"Kräuterig, Süß, Bitter, Zitrisch","Digestif, Modifier","Klassischer italienischer Amaro mit 33 Kräutern, Gewürzen, Blüten und Früchten. Ramazzotti verbindet Orange, Kräuterwürze und bittersüße Tiefe zu einem zugänglichen Digestif und vielseitigen Amaro-Modifier."
Avionic Lufthansa Aperitif,Aperitif / Bitter,Aperitif,1 Flasche,Ungeöffnet,"Fruchtig, Zitrisch, Floral, Kräuterig, Süß, Bitter","Aperitif, Spritz","Moderner deutscher Aperitif von Ziegler mit Pfirsich, frischer Zitrusnote, floralen Wildwiesenkräutern und feiner Bitternote. Avionic ist frisch, duftig und besonders stark in Tonic- und Spritz-Serves."
Celery Bitters,Bitters,Bitters,1 Flasche,Ungeöffnet,"Bitter, Zitrisch",Modifier,"Würzig-vegetale Cocktail Bitters mit Sellerie, Zitronengras, Ingwer, Koriander und einer feinen herben Tiefe. Sie setzen in klaren Drinks, Martinis, Bloody Marys und Highballs einen eleganten, trockenen Savory-Akzent."
Creole Bitters,Bitters,Bitters,1 Flasche,Ungeöffnet,"Bitter, Fruchtig, Süß",Modifier,"Creole Bitters mit Cayenne, rosa Pfeffer, Anis, Zimt, Kümmel, Fenchel und dunkler Frucht. Sie geben klassischen Stirred Drinks eine würzige, warme und leicht fruchtige Tiefe."
Peach Bitters,Bitters,Fruit Bitters,3 Flaschen,Unbekannt,"Bitter, Fruchtig, Süß",Modifier,"Fruchtige Cocktail Bitters mit Pfirsich- und Steinfruchtcharakter. Sie eignen sich als feiner Akzent für Sours, Spritzes, Champagner-Drinks und helle Spirituosen, wenn ein dezenter Fruchtbogen gewünscht ist."
Old Town Decanter Bitters,Bitters,Bitters,1 Flasche,Ungeöffnet,"Bitter, Fruchtig, Zitrisch",Modifier,"Aromatische Bitters mit kräftiger Bitterkeit, Zitrus, getrockneten Früchten, Nelke, Zimt und dunkler Würze. Sie geben klassischen Drinks mehr Tiefe, Struktur und einen warmen Gewürzakzent."
Old Time Aromatic Bitters,Bitters,Bitters,1 Flasche,Ungeöffnet,"Bitter, Kräuterig",Modifier,"Klassische aromatische Bitters mit warmer Würze und trockener Bitterkeit. Sie sind ein universeller Bar-Akzent für Old Fashioned, Manhattan und viele klassische Cocktails."
Orange Bitters,Bitters,Bitters,1 Flasche,Ungeöffnet,"Bitter, Zitrisch, Fruchtig",Modifier,"Zitrische Bitters mit Orange, feiner Würze und trockener Bitterkeit. Sie hellen Martinis, Old Fashioneds, Gin-Drinks und spritzige Cocktails auf, ohne sie süßer zu machen."
Angobitter,Bitters,Aromatic Bitters,1 Flasche,Unbekannt,"Bitter, Kräuterig",Modifier,"Klassische aromatische Bitters mit konzentrierter Kräuter- und Gewürzwürze. Angostura ist ein universeller Cocktail-Akzent und bringt Struktur in Old Fashioned, Manhattan, Sours, Tiki-Drinks und Highballs."
1866 Brandy De Jerez Solero Grand Reserva,Cognac / Brandy,Brandy de Jerez,1 Flasche,Geöffnet,"Fruchtig, Süß, Trocken, Nussig","Pur, Digestif, Spirit-Forward","Eleganter Brandy de Jerez aus Spanien mit reifer Frucht, Vanille, Rosine, Holz und nussiger Sherry-Fass-Tiefe. Rund, warm und besonders passend als Digestif oder für klassische Brandy-Drinks."
Prince Hubert de Polignac VSOP Cognac,Cognac / Brandy,Cognac,1 Flasche,Geöffnet,"Fruchtig, Süß, Trocken","Pur, Digestif, Spirit-Forward, Cocktailbasis","Französischer VSOP Cognac mit weicher Frucht, Vanille, etwas Eiche und warmer Würze. Zugänglich genug für Sidecar und Brandy-Cocktails, aber auch sauber als Digestif zu trinken."
Kastaniengeist,Edelbrand / Geist,Geist,1 Flasche,Geöffnet,"Nussig, Trocken",Digestif,"Klarer Kastaniengeist mit nussiger Wärme, trockener Struktur und feinem Destillat-Charakter. Ein ruhiger Digestif für Gäste, die Nussaromen ohne schwere Süße mögen."
Edles Fass Nussler aus Wallnüssen,Edelbrand / Geist,Geist,1 Flasche,Unbekannt,"Nussig, Trocken",Digestif,"Feiner Walnussgeist mit trockener Nussigkeit, Holzanklang und eleganter Würze. Ein charaktervoller Digestif für den kleinen, konzentrierten Abschluss."
Walnussgeist,Edelbrand / Geist,Geist,1 Flasche,Unbekannt,"Nussig, Trocken",Digestif,"Trockener Walnussgeist mit klarer Nussnote und schlankem, sauberem Brandcharakter. Passt besonders gut als Digestif nach einem kräftigen Essen."
Pistaziengeist,Edelbrand / Geist,Geist,1 Flasche,Geöffnet,"Nussig, Trocken",Digestif,"Ungewöhnlicher Pistaziengeist mit trockener Nussnote und klarer Spirituosenstruktur. Elegant, speziell und deutlich weniger süß als ein Pistazienlikör."
Haselnuss,Edelbrand / Geist,Prinz Alte Sorte,1 Flasche,Unbekannt,"Nussig, Trocken",Digestif,"Milder Haselnussbrand mit warmer Nussigkeit und feiner Süße im Eindruck. Ein zugänglicher Digestif für Gäste, die weiche, nussige Aromen mögen."
Hauszwetschke,Edelbrand / Geist,Prinz Alte Sorte,1 Flasche,Unbekannt,Trocken,Digestif,"Runder Zwetschkenbrand mit dunkler Frucht, sanfter Würze und trockenem Finish. Ein klassischer Digestif mit viel Frucht und wenig Schwere."
Kirsche,Edelbrand / Geist,Prinz Alte Sorte,1 Flasche,Unbekannt,"Fruchtig, Trocken",Digestif,"Fruchtiger Kirschbrand mit klarer Steinobstnote und trockener Eleganz. Direkt, aromatisch und ideal als kleiner Digestif nach dem Essen."
Marille,Edelbrand / Geist,Prinz Alte Sorte,1 Flasche,Unbekannt,"Fruchtig, Trocken",Digestif,"Weicher Marillenbrand mit reifer Frucht, feiner Wärme und trockenem Nachklang. Ein sehr zugänglicher Obstbrand für Gäste, die Frucht und Eleganz suchen."
Alte Waldhimbeere,Edelbrand / Geist,Prinz Alte Sorte,1 Flasche,Unbekannt,"Fruchtig, Trocken",Digestif,"Aromatischer Himbeerbrand mit feiner Beerenfrucht und trockener, klarer Struktur. Leicht, duftig und besonders schön als fruchtiger Digestif."
Alte Williams-Christ-Birne,Edelbrand / Geist,Prinz Alte Sorte,1 Flasche,Unbekannt,"Fruchtig, Trocken",Digestif,"Klassischer Birnenbrand mit reifer Frucht, feiner Würze und sauberem Finish. Ein eleganter Digestif, der auch Gästen ohne große Brand-Erfahrung leicht zugänglich ist."
Alter Bodensee-Apfel,Edelbrand / Geist,Prinz Alte Sorte,1 Flasche,Unbekannt,"Fruchtig, Trocken",Digestif,"Feiner Apfelbrand mit klarer Frucht, milder Wärme und trockenem Ausklang. Ein ruhiger, bodenständiger Digestif mit schöner Obstnote."
Spätburgunder Trester,Edelbrand / Geist,Grappa,1 Flasche,Geöffnet,Trocken,Digestif,6 Jahre im Barrique gereift
Maraschino Cherries,Garnish,Cocktailkirschen,1 Flasche,Geöffnet,"Süß, Fruchtig",Modifier,"Edle Cocktailkirschen mit dichter Süße und dunkler Frucht. Eine hochwertige Garnitur für klassische Drinks, Dessert-Cocktails und elegante Serves."
Sapphire Premier Cru,Gin,Citrus London Dry Gin,1 Flasche,Unbekannt,"Trocken, Zitrisch, Fruchtig, Kräuterig",Cocktailbasis,"Zitrusbetonter London Dry Gin mit Murcian-Zitrone, Mandarine und süßer Orange. Frisch, klar und elegant für Gin & Tonic, Martini-Varianten oder einen French 75."
Fifty Pounds Gin,Gin,London Dry Gin,1 Flasche,Unbekannt,"Trocken, Kräuterig, Zitrisch",Cocktailbasis,"Klassischer London Dry Gin mit trockenem Wacholderprofil, Zitrus und feiner Würze. Eine geradlinige, elegante Basis für Gin & Tonic, Martini und Negroni."
Hendrick’s Gin,Gin,Scottish Botanical Gin,1 Flasche,Geöffnet,"Floral, Zitrisch, Kräuterig",Cocktailbasis,"Floraler schottischer Gin mit der typischen Hendrick’s-Signatur aus Gurke und Rose. Weich, frisch und besonders charmant in Gin & Tonic oder Collins-Drinks."
Kyrö Gin,Gin,Finnish Rye Gin,1 Flasche,Unbekannt,"Trocken, Kräuterig, Zitrisch",Cocktailbasis,"Finnischer Rye Gin mit Roggenbasis und nordischen Wildkräutern. Kräuterig, frisch und leicht würzig – sehr schön für aromatische Gin & Tonics."
Le Tribute Gin,Gin,Mediterranean Citrus Gin,1 Flasche,Unbekannt,"Trocken, Zitrisch, Kräuterig",Cocktailbasis,"Mediterraner Gin mit markanter Zitrusfrische, Lemongrass, Wacholder und mediterranen Früchten. Klar, trocken und ideal für elegante Gin & Tonics."
Needle Gin,Gin,Black Forest Dry Gin,1 Flasche,Unbekannt,"Trocken, Kräuterig",Cocktailbasis,"Schwarzwald Dry Gin mit Wacholder und Fichtennadeln. Trocken, kräuterig und harzig-frisch – ein guter Kandidat für herbe Gin & Tonics."
No.3 London Dry Gin,Gin,London Dry Gin,1 Flasche,Unbekannt,"Trocken, Zitrisch, Kräuterig",Cocktailbasis,"Geradliniger London Dry Gin mit Wacholder, Zitrus und Gewürzstruktur. Präzise, trocken und besonders stark in Martini, Gin & Tonic und klassischen Gin-Cocktails."
Roku Japanese Craft Gin,Gin,Japanese Craft Gin,1 Flasche,Unbekannt,"Trocken, Zitrisch, Floral",Cocktailbasis,"Japanischer Craft Gin mit sechs japanischen Botanicals wie Sakura, Tee, Sansho und Yuzu. Ausbalanciert, feinwürzig und elegant frisch."
Tanqueray London Dry Gin,Gin,London Dry Gin,2 Flaschen,Unbekannt,"Trocken, Zitrisch, Kräuterig",Cocktailbasis,"Klassischer London Dry Gin mit trockenem Wacholder, leichter Zitrusfrische und klarer Struktur. Vielseitig für Gin & Tonic, Martini und Negroni."
Tanqueray No. Ten,Gin,Citrus Gin,1 Flasche,Unbekannt,"Trocken, Zitrisch, Floral",Cocktailbasis,"Zitrusbetonter Premium-Gin mit Grapefruit, Orange, Limette, Wacholder und Kamille. Sehr elegant für Martini, Gimlet, White Lady und feine Gin & Tonics."
Ukiyo Blossom Gin,Gin,Japanese Blossom Gin,1 Flasche,Unbekannt,"Floral, Zitrisch","Spritz, Cocktailbasis","Floraler japanischer Gin mit Sakura-Blüte und Sakura-Blatt. Zart, frisch und leicht parfümiert – schön für elegante Gin & Tonics und leichte Highballs."
Ukiyo Nashi Pear Gin,Gin,Japanese Nashi Pear Gin,1 Flasche,Unbekannt,"Fruchtig, Zitrisch, Floral",Cocktailbasis,"Japanischer Gin mit frischer Nashi-Birne, feiner Frucht und leichter floraler Frische. Zugänglich, saftig und gut für helle, frische Highballs."
Ukiyo Tokyo Dry Gin,Gin,Tokyo Dry Gin,1 Flasche,Unbekannt,"Trocken, Zitrisch, Kräuterig",Cocktailbasis,"Trockener japanischer Gin mit Yuzu, Mikan, Sakura und Sansho. Klar, würzig und zitrisch – eine gute japanische Basis für G&T, Martini und Highballs."
Ukiyo Yuzu Gin,Gin,Japanese Yuzu Gin,1 Flasche,Unbekannt,"Zitrisch, Kräuterig",Cocktailbasis,"Japanischer Yuzu Gin mit klarer Zitrusfrische, feiner Bitterkeit und kräuterigen Noten. Hell, lebendig und ideal für erfrischende Highballs."
Ungava Canadian Premium Gin,Gin,Canadian Arctic Gin,1 Flasche,Geöffnet,"Kräuterig, Fruchtig, Floral",Cocktailbasis,"Kanadischer Gin mit arktischen Botanicals aus Nord-Québec. Kräuterig, wildfruchtig und floral mit markanter natürlicher Farbe und eigenständigem Charakter."
Amarula,Likör,Cream Liqueur,1 Flasche,Unbekannt,Süß,"Modifier, Digestif","Cremiger Likör mit weicher Süße, Vanille und fruchtig-warmer Dessertnote. Sanft, rund und besonders passend für Gäste, die milde Cream-Liköre mögen."
Baileys,Likör,Cream Liqueur,1 Flasche,Unbekannt,Süß,"Modifier, Digestif","Klassischer Irish Cream Likör mit Sahne, Kakao, Vanille und weicher Whiskey-Wärme. Rund, süß und unkompliziert als Dessertdrink oder cremiger Modifier."
Batida de Coco,Likör,Kokos,1 Flasche,Unbekannt,Süß,"Modifier, Digestif, Tiki & Tropical","Süßer Kokoslikör mit cremiger Textur und tropischem Charakter. Ideal für sommerliche Drinks, Batidas und weiche Dessert-Cocktails."
Bols Apricot Brandy,Likör,Fruchtlikör,1 Flasche,Unbekannt,"Fruchtig, Süß","Modifier, Cocktailbasis, Frisch & Sour","Aprikosenlikör von Bols mit klarer Steinfrucht, süßer Fruchtfülle und leichter Mandel-Anmutung. Ein klassischer Modifier für Sours, Tropical-Drinks und fruchtige Cocktail-Twists."
Bols Cherry Brandy,Likör,Fruchtlikör,1 Flasche,Unbekannt,"Fruchtig, Süß","Modifier, Cocktailbasis, Frisch & Sour","Kirschlikör von Bols mit süßer Kirsche, roter Frucht und leichter Mandel-Würze. Gut als Modifier für Singapore-Sling-ähnliche Drinks, Sours und dunkle Fruchtakzente."
Crème de Cacao Brown,Likör,Kakao,1 Flasche,Unbekannt,Süß,"Modifier, Digestif","Dunkler Kakaolikör mit süßer Schokoladennote und warmer Desserttiefe. Ein schöner Modifier für cremige Drinks, After-Dinner-Cocktails und Kakao-Aromen."
Crème de Cacao White,Likör,Kakao,1 Flasche,Unbekannt,Süß,"Modifier, Digestif","Klarer Kakaolikör mit süßer, heller Schokoladennote. Elegant für Drinks, in denen Kakao spürbar sein soll, ohne die Farbe des Cocktails zu verdunkeln."
Maraschino,Likör,Maraschino,1 Flasche,Unbekannt,Süß,"Modifier, Digestif",Süßer Kirschlikör mit Mandelanklang und feiner Bittermandel-Note. Ein klassischer Modifier für elegante Cocktails mit Tiefe und Frucht.
Peach,Likör,Fruchtlikör,1 Flasche,Unbekannt,"Süß, Fruchtig","Modifier, Digestif","Fruchtiger Pfirsichlikör mit weicher Süße und saftigem Steinobstcharakter. Gut für leichte, fruchtige Drinks und zugängliche Party-Cocktails."
Sour Apple,Likör,Fruchtlikör,1 Flasche,Geöffnet,"Süß, Fruchtig","Modifier, Digestif","Süßer Apfellikör mit grüner Frucht und frischer Säure. Bringt Farbe, Frische und verspielte Fruchtigkeit in moderne Drinks."
Triple Sec,Likör,Triple Sec,1 Flasche,Geöffnet,"Süß, Zitrisch, Fruchtig, Trocken","Modifier, Digestif, Frisch & Sour","Klarer Orangenlikör mit Zitrusfrucht, leichter Süße und trockenem Finish. Ein wichtiger Modifier für Sours, Margaritas und viele klassische Cocktails."
Chartreuse Verte,Likör,Kräuterlikör,1 Flasche,Unbekannt,"Süß, Kräuterig","Modifier, Digestif","Kraftvoller Kräuterlikör mit intensiver Süße, Tiefe und komplexer Würze. Ein kleiner Anteil reicht oft, um Cocktails deutlich aromatischer und spannender zu machen."
Cointreau,Likör,Orange Liqueur,1 Flasche,Unbekannt,"Süß, Zitrisch, Fruchtig","Modifier, Digestif, Frisch & Sour","Klarer Orangenlikör mit frischer Zitrusnote, feiner Süße und trockenem Kern. Ein unverzichtbarer Klassiker für Margaritas, Sours und elegante Cocktail-Basisarbeit."
Mandellikör,Likör,Amaretto,1 Flasche,Unbekannt,"Süß, Nussig","Modifier, Digestif","Süßer Mandellikör mit Marzipan, Nuss und weicher Wärme. Besonders gut für Dessertdrinks, Sours mit Nussnote und sanfte Digestif-Momente."
DOM Bénédictine,Likör,Kräuterlikör,1 Flasche,Ungeöffnet,"Süß, Kräuterig","Modifier, Digestif","Kräuterlikör mit Honigsüße, Gewürzen und tiefer, warmer Aromatik. Ein klassischer Modifier für elegante Drinks und ruhige Digestif-Serves."
Galliano L’Autentico,Likör,Kräuterlikör,1 Flasche,Geöffnet,"Süß, Kräuterig","Modifier, Digestif","Italienischer Kräuterlikör mit Vanille, Anis und warmer Gewürzsüße. Markant, süß und aromatisch — besonders schön für Klassiker und Dessertdrinks."
Galliano Vanilla,Likör,Kräuter/Vanille,1 Flasche,Geöffnet,"Süß, Kräuterig","Modifier, Digestif","Vanillebetonter Likör mit süßer Wärme und feiner Kräuternote. Weich, rund und besonders passend für cremige Drinks, Kaffee-Cocktails und Dessertmomente."
Crème de Violette,Likör,Floral,1 Flasche,Geöffnet,"Süß, Floral","Modifier, Digestif","Floraler Veilchenlikör mit feiner Süße und zarter Blütennote. Ideal für elegante, helle Cocktails und Drinks mit einem leichten floralen Akzent."
Grand Marnier,Likör,Orangenlikör,1 Flasche,Unbekannt,"Fruchtig, Süß, Zitrisch","Modifier, Cocktailbasis, Digestif","Französischer Orangenlikör auf Cognac-Basis mit bitter-süßer Orange, Vanille, Würze und weichem Brandy-Körper. Stark in Sidecar, Margarita-Twists und als edler Digestif."
Kahlúa,Likör,Kaffee,1 Flasche,Unbekannt,"Süß, Kräuterig, Kaffee","Modifier, Digestif","Kaffeelikör mit süßer Röstnote, Vanille und dunkler Desserttiefe. Ein Klassiker für Espresso Martini, White Russian und cremige After-Dinner-Drinks."
Kaffee Likör,Likör,Kaffee,1 Flasche,Unbekannt,"Süß, Kaffee","Modifier, Digestif","Feiner Kaffeelikör mit runder Süße und klarer Röstnote. Sehr gut für Dessertdrinks, Kaffee-Cocktails und kleine Digestif-Serves."
Walnusslikör,Likör,Nusslikör,2 Flaschen,Unbekannt,"Süß, Nussig","Modifier, Digestif","Süßer Walnusslikör mit warmer Nussigkeit und weichem Digestif-Charakter. Schön zu Dessert, Kaffee oder als nussiger Akzent in cremigen Drinks."
Licor 43,Likör,Vanillelikör,1 Flasche,Geöffnet,Süß,"Modifier, Digestif","Süßer Vanillelikör mit Zitrus, Gewürzen und warmer Dessertnote. Vielseitig für Longdrinks, Kaffee-Serves und cremige Cocktails."
Maraschino,Likör,Maraschino,1 Flasche,Geöffnet,"Süß, Floral","Modifier, Digestif","Klassischer Maraschino-Likör mit Kirsche, Mandel und feiner floraler Trockenheit. Ein eleganter Modifier für Aviation, Last Word und viele Bar-Klassiker."
Marcati Limoncello,Likör,Zitronenlikör,1 Flasche,Geöffnet,"Süß, Zitrisch","Modifier, Digestif","Süßer Zitronenlikör mit klarer Zitrusfrische und italienischem Digestif-Charakter. Frisch, unkompliziert und besonders schön gut gekühlt."
Molinari Caffè,Likör,Kaffee / Sambuca,1 Flasche,Unbekannt,"Süß, Kaffee","Modifier, Digestif","Kaffeelikör mit süßer Röstnote und italienischem Digestif-Charakter. Passt gut zu Espresso, Dessertdrinks und kleinen aromatischen Serves."
Pistazienlikör,Likör,Nusslikör,1 Flasche,Unbekannt,"Süß, Nussig","Modifier, Digestif","Süßer Pistazienlikör mit nussiger Cremigkeit und warmer Dessertnote. Ein besonderer Akzent für cremige Drinks, Kaffee-Cocktails und süße Serves."
Licellino Limoncello,Likör,Zitronenlikör,1 Flasche,Geöffnet,"Süß, Zitrisch, Fruchtig","Digestif, Spritz, Modifier","Italienisch inspirierter Zitronenlikör mit heller Zitrusfrische und süßer Likörstruktur. Geeignet als Digestif, für Spritz-Varianten oder als zitrischer Akzent in Dessertdrinks."
Salmari,Likör,Salmiak/Lakritz,1 Flasche,Geöffnet,Süß,"Modifier, Digestif","Süßer Salmiaklikör mit kräftiger Lakritznote und nordischem Spezialcharakter. Markant, salzig-süß und eher etwas für neugierige Gäste."
Kastanienlikör,Likör,Nuss/Spezialität,1 Flasche,Geöffnet,"Süß, Nussig","Modifier, Digestif","Süßer Kastanienlikör mit nussiger Wärme und weichem Dessertcharakter. Ideal als Digestif oder für winterliche, cremige Drinks."
Crème de Cassis,Likör,Beerenlikör,1 Flasche,Unbekannt,Süß,"Modifier, Digestif","Dunkler Johannisbeerlikör mit intensiver Frucht und tiefer Süße. Klassisch für Kir-Varianten, Spritz-Ideen und fruchtige Aperitif-Drinks."
Bombardino,Likör,Eierlikör/Creme,1 Flasche,Geöffnet,Süß,"Modifier, Digestif","Cremiger Eierlikör mit süßer Wärme und winterlichem Dessertgefühl. Besonders passend für kalte Tage, Kaffee-Serves und kleine After-Dinner-Drinks."
Cappuccino,Likör,Kaffee/Creme,1 Flasche,Unbekannt,"Süß, Kaffee","Modifier, Digestif","Cremiger Cappuccino-Likör mit Kaffee, Süße und weicher Dessertnote. Ideal für Espresso-Drinks, cremige Cocktails und süße Digestif-Momente."
Noisetto,Likör,Haselnuss/Rum,2 Flaschen,Unbekannt,"Süß, Nussig","Modifier, Digestif","Süßer Haselnusslikör mit Rumwärme und nussigem Dessertcharakter. Rund, weich und sehr passend für Kaffee, Schokolade und cremige Drinks."
Tartuffetto,Likör,Kakao/Rum,1 Flasche,Unbekannt,Süß,"Modifier, Digestif","Süßer Kakao-Rum-Likör mit dunkler Dessertnote und weicher Fülle. Ein gemütlicher Likör für Schokolade, Kaffee und winterliche Drinks."
Moscatel Pisco,Pisco,Moscatel,1 Flasche,Geöffnet,Trocken,"Cocktailbasis, Pur, Frisch & Sour","Aromatischer Pisco mit fruchtiger Traubennote und trockener Struktur. Sehr gut für Pisco Sour, klare Sours und elegante, fruchtbetonte Drinks."
Quebranta Pisco,Pisco,Quebranta,1 Flasche,Geöffnet,Trocken,"Cocktailbasis, Pur, Frisch & Sour","Trockener Pisco mit klarer Traubenstruktur und kräftigerem Körper. Eine gute Basis für Pisco Sour und Drinks, die einen ehrlichen Pisco-Charakter brauchen."
Pisco Puro 2021,Pisco,Pisco Puro,1 Flasche,Ungeöffnet,Trocken,"Cocktailbasis, Pur, Frisch & Sour","Klarer Pisco mit trockenem, fruchtigem Kern und sauberem Destillat-Charakter. Vielseitig für Sours, frische Cocktails und puristische Serves."
Absinthe,Rakı / Anis,Absinthe,1 Flasche,Geöffnet,Kräuterig,Pur,"Intensiver Absinthe mit kräftiger Kräuter- und Anisnote. Stark, markant und in Cocktails meist als präziser Akzent statt als Hauptzutat gedacht."
Pernod,Rakı / Anis,Anis Aperitif,1 Flasche,Unbekannt,Kräuterig,"Aperitif, Modifier","Französischer Anis-Aperitif mit Sternanis, Fenchel, Koriander, Minze und weiteren Aromapflanzen. Pernod ist klar, intensiv und frisch und wird klassisch mit Wasser verlängert oder in kleinen Mengen als Anis-Akzent verwendet."
Pastis of Marseille,Rakı / Anis,Pastis,1 Flasche,Unbekannt,Kräuterig,Pur,"Klassischer Pastis mit Anis, Kräutern und mediterraner Würze. Aromatisch, trocken-süß im Eindruck und besonders schön als Aperitif mit Wasser."
Sambuca,Rakı / Anis,Sambuca,1 Flasche,Geöffnet,Kräuterig,Pur,"Süßer Anislikör mit klarer Würze und italienischem Digestif-Charakter. Klassisch pur, zu Kaffee oder als aromatischer Akzent in kleinen Mengen."
Tekirdağ No.10 Rakı,Rakı / Anis,Rakı,1 Flasche,Geöffnet,Kräuterig,Pur,"Eleganter Rakı mit intensiver Anisnote und weichem, würzigem Charakter. Ein klassischer Begleiter zu Mezze, Essen und ruhigen Tischmomenten."
Yeni Rakı Âlâ,Rakı / Anis,Rakı,1 Flasche,Geöffnet,Kräuterig,Pur,"Würziger Rakı mit deutlicher Anisprägung und weichem Digestif-Charakter. Traditionell, aromatisch und am besten bewusst statt nebenbei getrunken."
Barbados Rum 8 Years,Rum,Aged Rum,1 Flasche,Geöffnet,"Trocken, Fruchtig, Süß","Cocktailbasis, Tiki & Tropical, Longdrink & Highball","Achtjähriger Barbados Rum mit Vanille, Karamell, reifer Frucht und trockener Eichenwürze. Rund genug zum puren Probieren, gleichzeitig sehr brauchbar für Rum Old Fashioned und tropische Drinks."
El Dorado 3 Years,Rum,White Rum,1 Flasche,Unbekannt,"Trocken, Fruchtig, Süß","Cocktailbasis, Frisch & Sour, Longdrink & Highball, Tiki & Tropical","Weißer Demerara Rum aus Guyana mit leichter Vanille, Zuckerrohr, heller Frucht und weichem Körper. Eine saubere Basis für Daiquiri, Mojito, Rum Sour und helle Tropical-Drinks."
Lebkuchen-Rum,Rum,Homemade Infusion,1 Flasche,Unbekannt,"Süß, Kräuterig, Nussig","Modifier, Digestif, Cocktailbasis","Gewürzter Rum mit Lebkuchenprofil, warmer Backgewürz-Note, Süße und winterlicher Tiefe. Am besten als kleiner Modifier für Dessert-Drinks, Hot Drinks oder saisonale Rum-Cocktails."
Old Pascas Jamaica Dark Rum,Rum,Dark Rum,1 Flasche,Ungeöffnet,"Süß, Fruchtig, Kräuterig","Cocktailbasis, Tiki & Tropical, Modifier","Dunkler Jamaica Rum mit kräftiger Melasse, reifer Banane, Würze und dunkler Süße. Ein markanter Baustein für Tiki-Drinks, Rum Punches und dunkle Rum-Akzente."
Planteray XO 20th Anniversary,Rum,Premium Rum,1 Flasche,Ungeöffnet,"Süß, Fruchtig, Nussig","Pur, Digestif, Spirit-Forward","Eleganter Barbados-Rum mit Vanille, Kokos, Karamell, reifer Frucht und weicher Fasswürze. Sehr rund und luxuriös, daher vor allem für puren Genuss oder einen Rum Old Fashioned geeignet."
Cachaça,Cachaça,Cachaça,1 Flasche,Ungeöffnet,"Trocken, Fruchtig","Cocktailbasis, Frisch & Sour, Tiki & Tropical, Longdrink & Highball","Cachaça als Zuckerrohrspirituose für Caipirinha, frische Sours und tropische Drinks."
Grenadine,Sirup / Mixer,Sirup,1 Flasche,Unbekannt,"Trocken, Süß, Fruchtig","Longdrink & Highball, Modifier","Süßer Granatapfel-Sirup mit roter Frucht und kräftiger Farbe. Ein klassischer Mixer für fruchtige Longdrinks, alkoholfreie Drinks und Tiki-Akzente."
Rohrzucker Sirup,Sirup / Mixer,Sirup,1 Flasche,Unbekannt,"Trocken, Süß","Longdrink & Highball, Modifier","Klarer Rohrzuckersirup mit sauberer Süße und neutraler Struktur. Wichtig zum Balancieren von Sours, Daiquiris und vielen klassischen Cocktails."
Ginger Beer,Sirup / Mixer,Filler,1 Flasche,Ungeöffnet,Süß,Longdrink & Highball,"Würziger Ingwer-Filler für Highballs, Mules und Tiki-Drinks. Bringt Schärfe, Frische und Süße in lange Drinks."
Limettensaft,Saft,Saft,1 Flasche,Ungeöffnet,"Zitrisch, Trocken","Modifier, Frisch & Sour","Frischer Limettensaft mit klarer Säure und zitrischer Spannung. Unverzichtbar für Sours, Daiquiris, Caipirinha und viele frische Drinks."
Monin Blue Curaçao,Sirup / Mixer,Sirup,1 Flasche,Unbekannt,"Trocken, Süß, Zitrisch","Longdrink & Highball, Modifier","Blauer Curaçao-Sirup mit süßer Orangennote und kräftiger Farbe. Für farbige, fruchtige Drinks und verspielte alkoholfreie Serves."
Monin Crème de Menthe Verte,Sirup / Mixer,Sirup,1 Flasche,Unbekannt,"Trocken, Süß, Kräuterig","Longdrink & Highball, Modifier","Grüner Minzsirup mit süßer Frische und deutlicher Kräuternote. Gut für Dessertdrinks, frische Longdrinks und auffällige Mint-Serves."
Monin Gomme Syrup,Sirup / Mixer,Sirup,1 Flasche,Unbekannt,"Trocken, Süß","Longdrink & Highball, Modifier","Gomme-Sirup mit weicher Süße und seidiger Textur. Besonders hilfreich, wenn Cocktails runder, glatter und eleganter wirken sollen."
Monin Weißer Rohrzucker Sirup,Sirup / Mixer,Sirup,2 Flaschen,Unbekannt,Süß,"Modifier, Frisch & Sour, Longdrink & Highball, Cocktailbasis","Klarer Rohrzuckersirup für ausgewogene Süße in Sours, Highballs und klassischen Cocktails. Neutral, sauber und vielseitig, wenn ein Drink Struktur braucht, ohne zusätzliche Frucht- oder Gewürznoten einzubringen."
Pircher Holunderblüten Likör,Likör,Holunderblütenlikör,1 Flasche,Ungeöffnet,"Floral, Süß, Fruchtig","Modifier, Spritz, Frisch & Sour, Aperitif","Floraler Holunderblütenlikör mit feiner Süße und frischem Blütenaroma. Elegant als Modifier für Spritz-Varianten, Sours und leichte Sommerdrinks, wenn Holunder nicht nur süßen, sondern auch aromatisch tragen soll."
Riemerschmid Mandelsirup,Sirup / Mixer,Sirup,1 Flasche,Unbekannt,"Trocken, Süß","Longdrink & Highball, Modifier, Tiki & Tropical","Mandelsirup mit süßer Nussnote und weichem Marzipananklang. Wichtig für tropische Drinks, Mai Tai-Varianten und cremige Dessert-Cocktails."
Riemerschmid Vanille Bar-Sirup,Sirup / Mixer,Sirup,1 Flasche,Unbekannt,"Trocken, Süß","Longdrink & Highball, Modifier","Vanillesirup mit weicher Süße und warmer Dessertnote. Vielseitig für Kaffee-Drinks, Sours, Longdrinks und cremige Cocktails."
Zitronensaft,Saft,Saft,2 Flaschen,Ungeöffnet,"Zitrisch, Trocken","Modifier, Frisch & Sour","Zitronensaft mit klarer Säure und frischer Zitrusnote. Eine Basiszutat für Sours, Collins-Drinks und viele balancierte Cocktails."
Especial Reposado,Tequila,Reposado,1 Flasche,Unbekannt,Trocken,"Cocktailbasis, Pur, Spirit-Forward, Frisch & Sour","Reposado-Tequila mit milder Agave, leichter Holzreife und weicher Würze. Vielseitig für Margaritas, Longdrinks und einfache Tequila-Serves."
Cuervo Silver,Tequila,Blanco/Silver,1 Flasche,Unbekannt,Trocken,"Cocktailbasis, Pur, Spirit-Forward, Frisch & Sour","Klarer Silver-Tequila mit frischer Agave und trockenem, direktem Charakter. Eine praktische Basis für Margaritas, Sours und frische Tequila-Drinks."
Patrón Añejo,Tequila,Añejo,1 Flasche,Ungeöffnet,Trocken,"Cocktailbasis, Pur, Spirit-Forward, Frisch & Sour","Añejo-Tequila mit weicher Agave, Holz, Vanille und warmer Würze. Eher für puren Genuss und elegante Spirit-Forward-Drinks als für einfache Mixgetränke."
Graham’s 20 Year Tawny Port,Vermouth / Fortified Wine,Port,1 Flasche,Geöffnet,"Süß, Nussig, Fruchtig","Digestif, Modifier","Gereifter Tawny Port aus dem Douro mit nussigem Charakter, reifer Frucht, Orangenschale, weicher Süße und langem, elegantem Finish. Er passt besonders gut zu Desserts, Nüssen, Trockenfrüchten und dunklen Cocktail-Twists."
PX Sherry,Vermouth / Fortified Wine,PX Sherry,1 Flasche,Ungeöffnet,"Süß, Fruchtig, Kaffee","Digestif, Modifier","Sehr süßer Pedro-Ximénez-Sherry mit Rosinen, Feigen, Datteln, Honig, dunkler Schokolade, Kaffee und Lakritz. PX bringt Tiefe, Dessertcharakter und eine samtige Süße in Drinks oder wird pur zu Dessert serviert."
Noilly Prat Dry,Vermouth / Fortified Wine,Dry Vermouth,1 Flasche,Unbekannt,"Trocken, Fruchtig, Kräuterig, Zitrisch, Floral","Aperitif, Modifier, Spirit-Forward","Französischer Dry Vermouth aus Marseillan mit trockener Weinbasis, Kräutern, Kamille, Koriander, Bitterorange und Holunderblüte. Noilly Prat Dry ist ein klassischer Baustein für Martinis, Aperitifs und fein strukturierte Stirred Drinks."
Noilly Prat Rouge,Vermouth / Fortified Wine,Red Vermouth,1 Flasche,Unbekannt,"Fruchtig, Süß, Bitter, Kräuterig","Aperitif, Modifier, Spirit-Forward","Roter französischer Vermouth mit süßer Orange, Zimt, Chinarinde, Nelke und Kakao. Noilly Prat Rouge wirkt würzig, rund und aromatisch und passt als Aperitif, zu dunkleren Stirred Drinks oder als Begleiter zu Charcuterie und Dessert."
Absolut 100,Vodka,Vodka,1 Flasche,Unbekannt,Trocken,"Cocktailbasis, Longdrink & Highball, Frisch & Sour","Neutraler Vodka als vielseitige Basis für Highballs, Sours und klare Cocktails."
Absolut Elyx,Vodka,Vodka,1 Flasche,Unbekannt,Trocken,"Cocktailbasis, Longdrink & Highball, Frisch & Sour","Neutraler Vodka als vielseitige Basis für Highballs, Sours und klare Cocktails."
Ukiyo Rice Vodka,Vodka,Vodka,1 Flasche,Unbekannt,Trocken,"Cocktailbasis, Longdrink & Highball, Frisch & Sour","Neutraler Vodka als vielseitige Basis für Highballs, Sours und klare Cocktails."
Beyerskloof Synergy Cape Blend,Wein / Champagner,Rotwein Südafrika,1 Flasche,Ungeöffnet,"Trocken, Fruchtig","Pur, Digestif","Trockener südafrikanischer Rotwein mit dunkler Frucht, Würze und kräftiger Struktur. Ein Essenswein für ruhige Abende, nicht primär eine Cocktailzutat."
Les Granges des Domaines Edmond de Rothschild 2014,Wein / Champagner,Rotwein Bordeaux,1 Flasche,Ungeöffnet,"Trocken, Fruchtig","Pur, Digestif","Reifer Bordeaux-Rotwein mit dunkler Frucht, trockener Struktur und klassischer Eleganz. Ein ruhiger Wein für Essen, Käse und besondere Abende."
Château Bonalgue Pomerol 2018,Wein / Champagner,Rotwein Bordeaux,1 Flasche,Ungeöffnet,"Trocken, Fruchtig","Pur, Digestif","Eleganter Pomerol mit dunkler Frucht, weicher Tiefe und trockener Struktur. Ein besonderer Rotwein für Essen, Käse und ruhige Genussmomente."
La Monetta Gavi 2023,Wein / Champagner,Weißwein,1 Flasche,Unbekannt,"Trocken, Zitrisch, Fruchtig, Floral","Pur, Aperitif","Trockener italienischer Weißwein mit Zitrus, feiner Frucht und klarer Frische. Gut als Aperitif, zu leichten Speisen oder für Gäste, die es elegant und trocken mögen."
Silvaner Juliusspital Iphöfer Julius-Echter-Berg 2022,Wein / Champagner,Weißwein,1 Flasche,Ungeöffnet,"Trocken, Zitrisch, Fruchtig","Pur, Aperitif","Trockener Silvaner mit Zitrus, feiner Frucht und mineralischem Eindruck. Ein klarer, eleganter Weißwein für Aperitif, Essen und ruhige Tischmomente."
Champagne Vive Monsigny Brut Réserve,Wein / Champagner,Champagner,1 Flasche,Ungeöffnet,"Trocken, Zitrisch, Fruchtig","Pur, Aperitif","Trockener Champagner mit Zitrus, feiner Frucht und lebendiger Frische. Elegant als Aperitif, für besondere Momente oder zum Anstoßen mit Gästen."
Bulleit Bourbon 10 Years,Whisky,Bourbon,2 Flaschen,Geöffnet,"Süß, Rauchig, Trocken","Pur, Cocktailbasis, Spirit-Forward, Frisch & Sour","Gereifter Bourbon mit viel Eiche, Vanille, Trockenfrucht und einem langen, leicht rauchigen Abgang. Kräftig, rund und sehr gut für puren Genuss, Old Fashioned oder Whiskey Sour mit mehr Tiefe."
Bulleit Rye,Whisky,Rye Whiskey,1 Flasche,Ungeöffnet,"Trocken, Süß","Cocktailbasis, Spirit-Forward, Pur","Würziger Rye Whiskey mit Vanille, Honig, Eiche und klarer Roggenwürze. Trocken, griffig und cocktailstark — besonders passend für kräftige Klassiker wie Manhattan, Old Fashioned oder Sazerac."
Glenfiddich 15 Solera Reserve,Whisky,Scotch Single Malt,1 Flasche,Unbekannt,"Süß, Fruchtig, Nussig","Pur, Digestif, Spirit-Forward","Runder Single Malt mit Honig, Vanille, dunkler Frucht und sanfter Würze. Zugänglich und weich, ideal für Gäste, die Scotch kennenlernen möchten, ohne Rauch oder Schwere im Glas zu haben."
Glenmorangie Quinta Ruban 14,Whisky,Scotch Single Malt,1 Flasche,Unbekannt,"Süß, Nussig, Zitrisch, Fruchtig","Pur, Digestif, Spirit-Forward","Highland Single Malt mit Portwein-Einfluss, dunkler Schokolade, Orange, Nuss und warmer Süße. Elegant, dessertnah und sehr passend als ruhiger Digestif."
Jack Daniel’s Honey,Whisky,Flavored Whiskey,1 Flasche,Unbekannt,Süß,"Longdrink & Highball, Modifier, Cocktailbasis","Süßer Whiskey-Likör auf Tennessee-Whiskey-Basis mit Honig, Vanille und weicher Würze. Am besten für einfache Highballs, Dessertdrinks oder Gäste, die Whiskey milder und süßer mögen."
Jack Daniel’s Tennessee Apple,Whisky,Flavored Whiskey,1 Flasche,Unbekannt,"Fruchtig, Süß","Longdrink & Highball, Modifier, Cocktailbasis","Fruchtiger Whiskey-Likör mit grünem Apfel, Vanille und sanfter Tennessee-Whiskey-Wärme. Unkompliziert für Highballs, Apple-Whiskey-Drinks und süß-frische Gästedrinks."
Johnnie Walker 18 Years,Whisky,Blended Scotch,1 Flasche,Unbekannt,"Zitrisch, Nussig, Süß, Rauchig","Pur, Digestif, Spirit-Forward","Eleganter Blended Scotch mit Zitrusfrucht, Mandeln, warmer Vanille und dezenter Rauchigkeit. Ausgewogen, weich und lang im Abgang — ein sehr guter Whisky für Gäste, die Tiefe ohne Härte suchen."
Johnnie Walker Blue Label,Whisky,Blended Scotch,1 Flasche,Unbekannt,"Süß, Floral, Rauchig","Pur, Digestif, Spirit-Forward","Luxuriöser Blended Scotch mit Vanille, Honig, floraler Eleganz und feinem Rauch. Weich, tief und rund — ein Whisky für ruhige, besondere Momente und puren Genuss."
Johnnie Walker Gold Label Reserve,Whisky,Blended Scotch,1 Flasche,Unbekannt,"Süß, Fruchtig, Rauchig","Pur, Longdrink & Highball, Spirit-Forward","Runder Blended Scotch mit Honig, Vanille, tropischer Frucht und einem sanften Rauchhauch. Weich, zugänglich und festlich — ideal pur, auf Eis oder als gehobener Whisky-Highball."
Knob Creek 9,Whisky,Bourbon,1 Flasche,Unbekannt,"Süß, Nussig, Trocken","Pur, Cocktailbasis, Spirit-Forward, Frisch & Sour","Kräftiger Kentucky Bourbon mit Vanille, Karamell, gerösteter Eiche und nussiger Tiefe. Voll, würzig und trocken genug für klassische Bourbon-Drinks, aber auch pur ein sehr charaktervoller Hausbar-Whiskey."
Legent Bourbon,Whisky,Bourbon,1 Flasche,Geöffnet,"Süß, Fruchtig","Pur, Spirit-Forward, Cocktailbasis","Eleganter Kentucky Bourbon mit Vanille, Karamell, Trockenfrucht und warmer Eiche. Durch Wein- und Sherryfass-Einflüsse wirkt er fruchtiger und runder als klassische Bourbons, ohne seine kräftige Bourbon-Basis zu verlieren."
Maker’s Mark 46,Whisky,Bourbon,1 Flasche,Unbekannt,"Süß, Nussig","Pur, Cocktailbasis, Spirit-Forward","Weicher Bourbon mit Vanille, Karamell, gerösteter Eiche und warmer Zimtwürze. Runder und komplexer als der klassische Maker’s Mark, aber immer noch zugänglich und sehr angenehm pur oder in kräftigen Bourbon-Drinks."
Nikka From The Barrel,Whisky,Japanese Whisky,1 Flasche,Unbekannt,"Süß, Zitrisch, Fruchtig","Pur, Spirit-Forward, Longdrink & Highball","Kraftvoller japanischer Whisky mit dichter Struktur, Orange, Vanille, Karamell und würziger Tiefe. Intensiv, konzentriert und elegant — besonders gut für puren Genuss, auf Eis oder sehr klare Spirit-Forward-Drinks."
Nikka Miyagikyo Single Malt,Whisky,Japanese Single Malt,1 Flasche,Unbekannt,"Fruchtig, Floral, Süß","Pur, Digestif, Spirit-Forward","Eleganter japanischer Single Malt mit Apfel, floraler Frische, sanfter Süße und feiner Würze. Leichter und filigraner als viele kräftige Whiskys — ideal für Gäste, die einen ruhigen, fruchtigen und eleganten Whisky suchen."
The Balvenie Caribbean Cask 14,Whisky,Scotch Single Malt,1 Flasche,Unbekannt,"Süß, Fruchtig","Pur, Digestif, Spirit-Forward","Weicher Single Malt mit Honig, Toffee, Vanille und einem Hauch tropischer Frucht. Das Rumfass-Finish macht ihn rund, warm und sehr zugänglich — ein schöner Whisky für Gäste, die milde, süßere Stile mögen."
The Dalmore Port Wood Reserve,Whisky,Scotch Single Malt,1 Flasche,Unbekannt,"Fruchtig, Süß, Nussig, Zitrisch","Pur, Digestif, Spirit-Forward","Opulenter Single Malt mit roter Frucht, Orange, Karamell und dunkler Süße. Voll, elegant und genussorientiert — ein Whisky für den ruhigen Moment nach dem Essen."
Woodford Reserve,Whisky,Bourbon,1 Flasche,Unbekannt,"Süß, Nussig, Zitrisch","Pur, Cocktailbasis, Spirit-Forward, Frisch & Sour","Klassischer Kentucky Bourbon mit Vanille, Karamell, Orange, gerösteter Eiche und nussiger Würze. Rund, balanciert und vielseitig — stark genug für Old Fashioned und Whiskey Sour, aber weich genug für den puren Einstieg."
REWE Beste Wahl Holunderblüte Getränkesirup,Sirup / Mixer,Sirup,1 Flasche,Unbekannt,"Floral, Süß","Modifier, Spritz, Longdrink & Highball","Alkoholfreier Holunderblütensirup mit floraler Süße für Spritz-Drinks, Limonaden und leichte Highballs. Er bringt schnell Frische und Blütenaroma ins Glas, ohne die Spirituose zu dominieren."
Riemerschmid Rohrzucker Bar-Sirup,Sirup / Mixer,Sirup,1 Flasche,Unbekannt,Süß,"Modifier, Frisch & Sour, Longdrink & Highball, Cocktailbasis","Klassischer Rohrzuckersirup für saubere, neutrale Süße in Cocktails. Besonders praktisch für Sours, Daiquiris, Highballs und Drinks, bei denen Zucker Struktur geben soll, ohne eigene Aromatik vorzudrängen."
Western Gold Kentucky Bourbon Whiskey,Whisky,Bourbon,1 Flasche,Unbekannt,Süß,"Cocktailbasis, Spirit-Forward, Pur","Geradliniger Kentucky Bourbon mit Vanille, Karamell und leichter Eichenwürze. Ein unkomplizierter Hausbar-Bourbon für einfache Whiskey-Drinks, Longdrinks und klassische Bourbon-Cocktails."
