id;name;producer;category;subcategory;amount;status;fillLevel;flavorTags;usageTags;styleTags;guestTags;originTags;descriptionShort;tastingNotes;bestUse;serving;sourceStatus;notes
csv-001-aperol;Aperol;Aperol;Aperitif / Bitter;Aperitif;1 Flasche;Unbekannt;100%;Bitter | Fruchtig | Zitrisch | Süß | Kräuterig;Aperitif | Spritz | Modifier;Aperitif | Bitter Aperitif | Leicht | Sommerlich;;Italien | Padua;Leuchtend orangefarbener italienischer Aperitif mit milder Bitterkeit, Orange, Kräutern, Rhabarber, Chinarinde und Enzian. Aperol wirkt leichter und zugänglicher als klassische Bitter und ist ideal für Spritz, Aperitif-Drinks und frische Sommerdrinks.;Orange | Rhabarber | Enzian | Kräuter | sanfte Bitterkeit;Aperol Spritz | Aperol Sour | leichte Aperitif-Drinks;"Gut gekühlt mit Prosecco, Soda und Orangenscheibe als Aperol Spritz servieren; alternativ in leichten Sours oder als milder Bitter-Akzent.";web-curated-v0.17;
csv-002-averna;Averna;Averna;Aperitif / Bitter;Amaro;1 Flasche;Ungeöffnet;100%;Süß | Kräuterig | Bitter | Zitrisch;Digestif | Modifier;Amaro | Digestif | Rund | Kräftig;;Italien | Sizilien;Sizilianischer Amaro mit weicher Süße, Kräutern, Gewürzen, mediterranen Aromen und feiner Zitrusnote. Averna ist vollmundig, harmonisch und eignet sich pur auf Eis ebenso wie als dunkler, runder Amaro-Akzent in Cocktails.;Kräuter | Gewürze | Zitrus | Karamell | milde Bitterkeit;Pur auf Eis | Amaro Sour | Black Manhattan Varianten;"Pur, leicht gekühlt oder auf Eis servieren; in Cocktails sparsam als runder, bittersüßer Modifier einsetzen.";web-curated-v0.17;
csv-003-campari;Campari;Campari;Aperitif / Bitter;Bitter Aperitif;1 Flasche;Ungeöffnet;100%;Bitter | Kräuterig | Zitrisch | Fruchtig;Spritz | Aperitif | Modifier;Bitter Aperitif | Klassisch | Kräftig | Spirit-Forward;;Italien | Mailand;Ikonischer roter Bitter-Aperitif aus Italien mit markanter Bitterkeit, Kräutern, Gewürzen und Orangennoten. Campari bringt Struktur, Farbe und Tiefe in Klassiker wie Negroni, Americano, Boulevardier und Campari Spritz.;Bitterorange | Kräuter | Gewürze | rote Früchte | kräftige Bitterkeit;Negroni | Americano | Boulevardier | Campari Spritz;"Für klassische Aperitif-Drinks auf Eis verwenden; im Negroni zu gleichen Teilen mit Gin und rotem Vermouth kombinieren.";web-curated-v0.17;
csv-004-aperitivo-bavarese;Aperitivo Bavarese;Lantenhammer / Chilla;Aperitif / Bitter;Aperitif;1 Flasche;Unbekannt;100%;Bitter | Zitrisch | Fruchtig | Kräuterig | Floral;Aperitif | Spritz | Modifier;Aperitif | Bitter Aperitif | Modern | Sommerlich;;Deutschland | Bayern;Bayerischer Aperitivo mit frischer Zitrusnote, Wacholder, Kräutern und floralen Akzenten. Er funktioniert als moderne, grüne Alternative für Spritz-Drinks, Hugo-Varianten und leichte Aperitif-Serves.;Zitrus | Wacholder | Kräuter | florale Noten | sanfte Bitterkeit;Spritz | Hugo-Twist | leichte Aperitif-Drinks;"Gut gekühlt auf Eis mit Prosecco oder Soda servieren; eine Zitruszeste oder frische Kräuter passen besonders gut.";web-curated-v0.17;
csv-005-cynar;Cynar;Cynar;Aperitif / Bitter;Amaro / Bitter;1 Flasche;Geöffnet;100%;Bitter | Kräuterig | Süß;Aperitif | Digestif | Spritz | Modifier;Amaro | Bitter Aperitif | Komplex | Herb;;Italien;Italienischer Amaro auf Basis von Artischocke und weiteren Botanicals. Cynar schmeckt nicht dominant nach Artischocke, sondern bittersüß, kräutrig, leicht vegetal und bringt Tiefe in Spritzes, Amaro-Drinks und dunkle Cocktail-Twists.;Kräuter | Artischocke | erdige Bitterkeit | milde Süße | vegetale Tiefe;Cynar Spritz | Amaro Highball | Bitter-Modifier;"Auf Eis mit Soda oder Tonic als Aperitif servieren; in Cocktails als komplexer, erdiger Bitter-Akzent einsetzen.";web-curated-v0.17;
csv-006-ramazzotti;Ramazzotti;Ramazzotti;Aperitif / Bitter;Amaro;1 Flasche;Unbekannt;100%;Kräuterig | Süß | Bitter | Zitrisch;Digestif | Modifier;Amaro | Digestif | Rund | Würzig;;Italien | Mailand;Klassischer italienischer Amaro mit 33 Kräutern, Gewürzen, Blüten und Früchten. Ramazzotti verbindet Orange, Kräuterwürze und bittersüße Tiefe zu einem zugänglichen Digestif und vielseitigen Amaro-Modifier.;Orange | Kräuter | Gewürze | Sternanis | milde Bitterkeit;Pur auf Eis | Amaro & Tonic | dunkle Cocktail-Twists;"Pur, auf Eis oder mit Zitruszeste servieren; in Cocktails als runder, würziger Amaro-Baustein nutzen.";web-curated-v0.17;
csv-007-avionic-lufthansa-aperitif;Avionic Lufthansa Aperitif;Brennerei Ziegler;Aperitif / Bitter;Aperitif;1 Flasche;Ungeöffnet;100%;Fruchtig | Zitrisch | Floral | Kräuterig | Süß | Bitter;Aperitif | Spritz;Aperitif | Modern | Fruchtig-Floral | Sommerlich;;Deutschland;Moderner deutscher Aperitif von Ziegler mit Pfirsich, frischer Zitrusnote, floralen Wildwiesenkräutern und feiner Bitternote. Avionic ist frisch, duftig und besonders stark in Tonic- und Spritz-Serves.;Pfirsich | Zitrus | Wildwiesenkräuter | Ringelblume | feine Bitterkeit;Avionic & Tonic | Avionic Spritz | leichte Aperitif-Highballs;"Auf Eis im Verhältnis 1:3 mit Tonic und Zitronenscheibe servieren; alternativ mit Prosecco oder Champagner als Spritz.";web-curated-v0.17;
csv-008-celery-bitters;Celery Bitters;The Bitter Truth;Bitters;Bitters;1 Flasche;Ungeöffnet;100%;Bitter | Zitrisch;Modifier;Cocktail Bitters | Savory | Komplex;;Deutschland;Würzig-vegetale Cocktail Bitters mit Sellerie, Zitronengras, Ingwer, Koriander und einer feinen herben Tiefe. Sie setzen in klaren Drinks, Martinis, Bloody Marys und Highballs einen eleganten, trockenen Savory-Akzent.;Sellerie | Zitronengras | Ingwer | Koriander | Chicorée;Bloody Mary | Martini-Twists | Gin- und Vodka-Highballs;"Tropfenweise dosieren; besonders passend zu klaren Spirituosen, Tomate, Zitrus und trockenen Highballs.";web-curated-v0.17;
csv-009-creole-bitters;Creole Bitters;The Bitter Truth;Bitters;Bitters;1 Flasche;Ungeöffnet;100%;Bitter | Fruchtig | Süß;Modifier;Cocktail Bitters | Creole | Würzig | Kräftig;;Deutschland;Creole Bitters mit Cayenne, rosa Pfeffer, Anis, Zimt, Kümmel, Fenchel und dunkler Frucht. Sie geben klassischen Stirred Drinks eine würzige, warme und leicht fruchtige Tiefe.;Cayenne | rosa Pfeffer | Anis | Zimt | getrocknete Früchte;Manhattan | Old Fashioned | Brandy Cocktail | Sazerac-Twists;"Sehr sparsam in kräftigen Cocktails einsetzen; besonders gut zu Whiskey, Brandy, Rum und aromatischen Vermouth-Drinks.";web-curated-v0.17;
csv-010-peach-bitters;Peach Bitters;The Bitter Truth;Bitters;Fruit Bitters;3 Flaschen;Unbekannt;100%;Bitter | Fruchtig | Süß;Modifier;Cocktail Bitters | Fruchtig | Aromatisch;;Deutschland;Fruchtige Cocktail Bitters mit Pfirsich- und Steinfruchtcharakter. Sie eignen sich als feiner Akzent für Sours, Spritzes, Champagner-Drinks und helle Spirituosen, wenn ein dezenter Fruchtbogen gewünscht ist.;Pfirsich | Steinfrucht | Fruchtsüße | sanfte Bitterkeit;Sours | Spritzes | Champagner-Cocktails | helle Highballs;"Tropfenweise einsetzen; besonders passend zu Gin, Vodka, Rum, Schaumwein und frischen Zitrusdrinks.";curated-v0.17;
csv-011-old-town-decanter-bitters;Old Town Decanter Bitters;The Bitter Truth;Bitters;Bitters;1 Flasche;Ungeöffnet;100%;Bitter | Fruchtig | Zitrisch;Modifier;Cocktail Bitters | Aromatisch | Würzig;;Deutschland;Aromatische Bitters mit kräftiger Bitterkeit, Zitrus, getrockneten Früchten, Nelke, Zimt und dunkler Würze. Sie geben klassischen Drinks mehr Tiefe, Struktur und einen warmen Gewürzakzent.;Zitrus | getrocknete Früchte | Nelke | Zimt | Angosturarinde;Old Fashioned | Manhattan | Rum Old Fashioned | dunkle Stirred Drinks;"Sehr sparsam dosieren; ideal für kräftige Spirituosen, dunkle Drinks und Gewürznoten.";curated-existing-refined-v0.17;
csv-012-old-time-aromatic-bitters;Old Time Aromatic Bitters;The Bitter Truth;Bitters;Bitters;1 Flasche;Ungeöffnet;100%;Bitter | Kräuterig;Modifier;Cocktail Bitters | Aromatic | Klassisch;;Deutschland;Klassische aromatische Bitters mit warmer Würze und trockener Bitterkeit. Sie sind ein universeller Bar-Akzent für Old Fashioned, Manhattan und viele klassische Cocktails.;warme Gewürze | Kräuter | Bitterkeit | aromatische Tiefe;Old Fashioned | Manhattan | Cocktail-Klassiker;"Tropfenweise dosieren; als strukturierender Bitter-Akzent in klassischen Cocktails verwenden.";curated-existing-refined-v0.17;
csv-013-orange-bitters;Orange Bitters;The Bitter Truth;Bitters;Bitters;1 Flasche;Ungeöffnet;100%;Bitter | Zitrisch | Fruchtig;Modifier;Cocktail Bitters | Zitrisch | Klassisch;;Deutschland;Zitrische Bitters mit Orange, feiner Würze und trockener Bitterkeit. Sie hellen Martinis, Old Fashioneds, Gin-Drinks und spritzige Cocktails auf, ohne sie süßer zu machen.;Orange | Zitrusschale | Gewürze | trockene Bitterkeit;Martini | Old Fashioned | Gin-Cocktails | Spritz-Akzent;"In kleinen Mengen verwenden; besonders passend zu Gin, Whiskey, Rum und Vermouth-Drinks.";curated-v0.17;
csv-014-angobitter;Angobitter;Angostura;Bitters;Aromatic Bitters;1 Flasche;Unbekannt;100%;Bitter | Kräuterig;Modifier;Aromatic Bitters | Klassisch | Universal;;Trinidad und Tobago;Klassische aromatische Bitters mit konzentrierter Kräuter- und Gewürzwürze. Angostura ist ein universeller Cocktail-Akzent und bringt Struktur in Old Fashioned, Manhattan, Sours, Tiki-Drinks und Highballs.;Kräuter | Gewürze | Nelke | Zimt | bittere Tiefe;Old Fashioned | Manhattan | Sours | Tiki-Drinks;"Nur wenige Dashes verwenden; Angostura wirkt intensiv und strukturiert Drinks schon in kleiner Menge.";curated-v0.17;
csv-015-1866-brandy-de-jerez-solero-grand-reserv;1866 Brandy De Jerez Solero Grand Reserva;Sánchez Romate;Cognac / Brandy;Brandy de Jerez;1 Flasche;Geöffnet;100%;Fruchtig | Süß | Trocken | Nussig;Pur | Digestif | Spirit-Forward;Brandy;;Spanien;Eleganter Brandy de Jerez aus Spanien mit reifer Frucht, Vanille, Rosine, Holz und nussiger Sherry-Fass-Tiefe. Rund, warm und besonders passend als Digestif oder für klassische Brandy-Drinks.;Rosine | Vanille | Trockenfrucht | Eiche | Nuss;Pur als Digestif | Brandy Alexander | Sidecar-Twist;Pur im Nosing-Glas oder als hochwertige Brandy-Basis in klassischen Drinks.;curated-repaired;
csv-016-cognac-vsop;Prince Hubert de Polignac VSOP Cognac;Prince Hubert de Polignac;Cognac / Brandy;Cognac;1 Flasche;Geöffnet;100%;Fruchtig | Süß | Trocken;Pur | Digestif | Spirit-Forward | Cocktailbasis;Cognac | Brandy;;Frankreich;Französischer VSOP Cognac mit weicher Frucht, Vanille, etwas Eiche und warmer Würze. Zugänglich genug für Sidecar und Brandy-Cocktails, aber auch sauber als Digestif zu trinken.;Vanille | Traube | Eiche | Gewürz | Trockenfrucht;Sidecar | Brandy Crusta | Pur als Digestif;Pur bei Zimmertemperatur oder als Cognac-Basis in klassischen Sours.;curated-repaired;
csv-017-kastaniengeist;Kastaniengeist;Willi Peter;Edelbrand / Geist;Geist;1 Flasche;Geöffnet;100%;Nussig | Trocken;Digestif;Edelbrand / Geist;;;Kastaniengeist ist als Edelbrand / Geist / Geist eingeordnet. Geschmack: Nussig, Trocken. Nutzung: Digestif.;;;;curated-existing;
csv-018-edles-fass-nussler-aus-wallnussen;Edles Fass Nussler aus Wallnüssen;Scheibel;Edelbrand / Geist;Geist;1 Flasche;Unbekannt;100%;Nussig | Trocken;Digestif;Edelbrand / Geist | Nut Liqueur;;;Edles Fass Nussler aus Wallnüssen ist als Edelbrand / Geist / Geist eingeordnet. Geschmack: Nussig, Trocken. Nutzung: Digestif.;;;;curated-existing;
csv-019-walnussgeist;Walnussgeist;Liebl;Edelbrand / Geist;Geist;1 Flasche;Unbekannt;100%;Nussig | Trocken;Digestif;Edelbrand / Geist | Nut Liqueur;;;Walnussgeist ist als Edelbrand / Geist / Geist eingeordnet. Geschmack: Nussig, Trocken. Nutzung: Digestif.;;;;curated-existing;
csv-020-pistaziengeist;Pistaziengeist;Nustler;Edelbrand / Geist;Geist;1 Flasche;Geöffnet;100%;Nussig | Trocken;Digestif;Edelbrand / Geist | Nut Liqueur;;;Pistaziengeist ist als Edelbrand / Geist / Geist eingeordnet. Geschmack: Nussig, Trocken. Nutzung: Digestif.;;;;curated-existing;
csv-021-haselnuss;Haselnuss;Prinz;Edelbrand / Geist;Prinz Alte Sorte;1 Flasche;Unbekannt;100%;Nussig | Trocken;Digestif;Edelbrand / Geist | Nut Liqueur;;;Haselnuss ist als Edelbrand / Geist / Prinz Alte Sorte eingeordnet. Geschmack: Nussig, Trocken. Nutzung: Digestif.;;;;curated-existing;
csv-022-hauszwetschke;Hauszwetschke;Prinz;Edelbrand / Geist;Prinz Alte Sorte;1 Flasche;Unbekannt;100%;Trocken;Digestif;Edelbrand / Geist;;;Hauszwetschke ist als Edelbrand / Geist / Prinz Alte Sorte eingeordnet. Geschmack: Trocken. Nutzung: Digestif.;;;;curated-existing;
csv-023-kirsche;Kirsche;Prinz;Edelbrand / Geist;Prinz Alte Sorte;1 Flasche;Unbekannt;100%;Fruchtig | Trocken;Digestif;Edelbrand / Geist;;;Kirsche ist als Edelbrand / Geist / Prinz Alte Sorte eingeordnet. Geschmack: Fruchtig, Trocken. Nutzung: Digestif.;;;;curated-existing;
csv-024-marille;Marille;Prinz;Edelbrand / Geist;Prinz Alte Sorte;1 Flasche;Unbekannt;100%;Fruchtig | Trocken;Digestif;Edelbrand / Geist;;;Marille ist als Edelbrand / Geist / Prinz Alte Sorte eingeordnet. Geschmack: Fruchtig, Trocken. Nutzung: Digestif.;;;;curated-existing;
csv-025-alte-waldhimbeere;Alte Waldhimbeere;Prinz;Edelbrand / Geist;Prinz Alte Sorte;1 Flasche;Unbekannt;100%;Fruchtig | Trocken;Digestif;Edelbrand / Geist;;;Alte Waldhimbeere ist als Edelbrand / Geist / Prinz Alte Sorte eingeordnet. Geschmack: Fruchtig, Trocken. Nutzung: Digestif.;;;;curated-existing;
csv-026-alte-williams-christ-birne;Alte Williams-Christ-Birne;Prinz;Edelbrand / Geist;Prinz Alte Sorte;1 Flasche;Unbekannt;100%;Fruchtig | Trocken;Digestif;Edelbrand / Geist;;;Alte Williams-Christ-Birne ist als Edelbrand / Geist / Prinz Alte Sorte eingeordnet. Geschmack: Fruchtig, Trocken. Nutzung: Digestif.;;;;curated-existing;
csv-027-alter-bodensee-apfel;Alter Bodensee-Apfel;Prinz;Edelbrand / Geist;Prinz Alte Sorte;1 Flasche;Unbekannt;100%;Fruchtig | Trocken;Digestif;Edelbrand / Geist;;;Alter Bodensee-Apfel ist als Edelbrand / Geist / Prinz Alte Sorte eingeordnet. Geschmack: Fruchtig, Trocken. Nutzung: Digestif.;;;;curated-existing;
csv-028-spatburgunder-trester;Spätburgunder Trester;;Edelbrand / Geist;Grappa;1 Flasche;Geöffnet;100%;Trocken;Digestif;Edelbrand / Geist;;;6 Jahre im Barrique gereift;;;;curated-existing;
csv-029-maraschino-cherries;Maraschino Cherries;Starlino;Garnish;Cocktailkirschen;1 Flasche;Geöffnet;100%;Süß | Fruchtig;Modifier;Garnish;;;Maraschino Cherries ist als Garnish / Cocktailkirschen eingeordnet. Geschmack: Süß, Fruchtig. Nutzung: Modifier.;;;;curated-existing;
csv-030-sapphire-premier-cru;Sapphire Premier Cru;Bombay Sapphire;Gin;Citrus London Dry Gin;1 Flasche;Unbekannt;100%;Trocken | Zitrisch | Fruchtig | Kräuterig;Cocktailbasis;Gin | London Dry | Citrus Gin;;England | Murcia;Zitrusbetonter London Dry Gin mit Murcian-Zitrone, Mandarine und süßer Orange. Frisch, klar und elegant für Gin & Tonic, Martini-Varianten oder einen French 75.;Trocken | Zitrisch | Wacholder | Fruchtig | Kräuterig;Gin & Tonic | Martini | French 75 | Highball | Cocktailbasis;"Mit viel Eis und einem trockenen Tonic servieren; für Cocktails besonders schön in Martini-Varianten oder einem French 75.";internet-informed-curated;
csv-031-fifty-pounds-gin;Fifty Pounds Gin;Fifty Pounds Gin;Gin;London Dry Gin;1 Flasche;Unbekannt;100%;Trocken | Kräuterig | Zitrisch;Cocktailbasis;Gin | London Dry | Klassisch;;England | London;Klassischer London Dry Gin mit trockenem Wacholderprofil, Zitrus und feiner Würze. Eine geradlinige, elegante Basis für Gin & Tonic, Martini und Negroni.;Trocken | Wacholder | Kräuterig | Zitrisch | Würzig;Gin & Tonic | Martini | Negroni | Cocktailbasis;"Sehr gut mit trockenem Tonic und Zitronenzeste; für klassische Drinks wie Martini oder Negroni verwenden.";internet-informed-curated;
csv-032-hendrick-s-gin;Hendrick’s Gin;Hendrick's;Gin;Scottish Botanical Gin;1 Flasche;Geöffnet;100%;Floral | Zitrisch | Kräuterig;Cocktailbasis;Gin | Botanical Gin | Floral;;Schottland;Floraler schottischer Gin mit der typischen Hendrick’s-Signatur aus Gurke und Rose. Weich, frisch und besonders charmant in Gin & Tonic oder Collins-Drinks.;Floral | Gurke | Rose | Wacholder | Zitrisch | Kräuterig;Gin & Tonic | Collins | Highball | Cocktailbasis;"Mit Tonic, viel Eis und Gurkenscheibe servieren; auch passend für leichte Collins-Varianten.";internet-informed-curated;
csv-033-kyro-gin;Kyrö Gin;Kyrö Distillery;Gin;Finnish Rye Gin;1 Flasche;Unbekannt;100%;Trocken | Kräuterig | Zitrisch;Cocktailbasis;Gin | Nordic Gin | Rye Gin;;Finnland;Finnischer Rye Gin mit Roggenbasis und nordischen Wildkräutern. Kräuterig, frisch und leicht würzig – sehr schön für aromatische Gin & Tonics.;Trocken | Kräuterig | Würzig | Zitrisch | Wacholder;Gin & Tonic | Highball | Cocktailbasis;Mit trockenem Tonic, viel Eis, Cranberries und einem Zweig Rosmarin servieren.;internet-informed-curated;
csv-034-le-tribute-gin;Le Tribute Gin;MG Destilerías;Gin;Mediterranean Citrus Gin;1 Flasche;Unbekannt;100%;Trocken | Zitrisch | Kräuterig;Cocktailbasis;Gin | Mediterran | Citrus Gin;;Spanien;Mediterraner Gin mit markanter Zitrusfrische, Lemongrass, Wacholder und mediterranen Früchten. Klar, trocken und ideal für elegante Gin & Tonics.;Trocken | Zitrisch | Wacholder | Frisch | Kräuterig;Gin & Tonic | Highball | Fizz | Cocktailbasis;"Mit Premium-Tonic, viel Eis und einer Zitruszeste servieren; auch passend für frische Fizz-Varianten.";internet-informed-curated;
csv-035-needle-gin;Needle Gin;Bimmerle / Needle;Gin;Black Forest Dry Gin;1 Flasche;Unbekannt;100%;Trocken | Kräuterig;Cocktailbasis;Gin | Dry Gin | Herbal Gin;;Deutschland | Schwarzwald;Schwarzwald Dry Gin mit Wacholder und Fichtennadeln. Trocken, kräuterig und harzig-frisch – ein guter Kandidat für herbe Gin & Tonics.;Trocken | Wacholder | Kräuterig | Harzig | Würzig;Gin & Tonic | Highball | Cocktailbasis;Mit trockenem Tonic und Grapefruit- oder Zitronenzeste servieren.;internet-informed-curated;
csv-036-no-3-london-dry-gin;No.3 London Dry Gin;Berry Bros. & Rudd;Gin;London Dry Gin;1 Flasche;Unbekannt;100%;Trocken | Zitrisch | Kräuterig;Cocktailbasis;Gin | London Dry | Klassisch;;England | Niederlande;Geradliniger London Dry Gin mit Wacholder, Zitrus und Gewürzstruktur. Präzise, trocken und besonders stark in Martini, Gin & Tonic und klassischen Gin-Cocktails.;Trocken | Wacholder | Zitrisch | Würzig | Kräuterig;Martini | Gin & Tonic | Negroni | Cocktailbasis;"Für einen klaren Martini gut kühlen; im Gin & Tonic mit neutralem Tonic und Zitronenzeste servieren.";internet-informed-curated;
csv-037-roku-japanese-craft-gin;Roku Japanese Craft Gin;House of Suntory;Gin;Japanese Craft Gin;1 Flasche;Unbekannt;100%;Trocken | Zitrisch | Floral;Cocktailbasis;Gin | Japanese Gin | Botanical Gin;;Japan;Japanischer Craft Gin mit sechs japanischen Botanicals wie Sakura, Tee, Sansho und Yuzu. Ausbalanciert, feinwürzig und elegant frisch.;Trocken | Zitrisch | Floral | Tee | Würzig | Wacholder;Gin & Tonic | Highball | Fizz | Cocktailbasis;"Mit Tonic und einer dünnen Ingwer- oder Zitruszeste servieren; auch schön in leichten Highballs.";internet-informed-curated;
csv-038-tanqueray-london-dry-gin;Tanqueray London Dry Gin;Tanqueray;Gin;London Dry Gin;2 Flaschen;Unbekannt;100%;Trocken | Zitrisch | Kräuterig;Cocktailbasis;Gin | London Dry | Klassisch;;Schottland | England;Klassischer London Dry Gin mit trockenem Wacholder, leichter Zitrusfrische und klarer Struktur. Vielseitig für Gin & Tonic, Martini und Negroni.;Trocken | Wacholder | Zitrisch | Kräuterig | Würzig;Gin & Tonic | Martini | Negroni | Cocktailbasis;"Mit trockenem Tonic, viel Eis und Limettenspalte servieren; für klassische Gin-Cocktails universell einsetzbar.";internet-informed-curated;
csv-039-tanqueray-no-ten;Tanqueray No. Ten;Tanqueray;Gin;Citrus Gin;1 Flasche;Unbekannt;100%;Trocken | Zitrisch | Floral;Cocktailbasis;Gin | Citrus Gin | Premium Gin;;Schottland | England;Zitrusbetonter Premium-Gin mit Grapefruit, Orange, Limette, Wacholder und Kamille. Sehr elegant für Martini, Gimlet, White Lady und feine Gin & Tonics.;Trocken | Zitrisch | Grapefruit | Wacholder | Floral;Martini | Gin & Tonic | White Lady | Gimlet | Cocktailbasis;Gut gekühlt in Martinis oder mit trockenem Tonic und Grapefruitzeste servieren.;internet-informed-curated;
csv-040-ukiyo-blossom-gin;Ukiyo Blossom Gin;Ukiyo Spirits;Gin;Japanese Blossom Gin;1 Flasche;Unbekannt;100%;Floral | Zitrisch;Spritz | Cocktailbasis;Gin | Japanese Gin | Floral;;Japan;Floraler japanischer Gin mit Sakura-Blüte und Sakura-Blatt. Zart, frisch und leicht parfümiert – schön für elegante Gin & Tonics und leichte Highballs.;Floral | Sakura | Zitrisch | Wacholder | Frisch;Gin & Tonic | Highball | Spritz | Cocktailbasis;"Mit Premium-Tonic und einer dezenten Zitruszeste servieren; nicht zu stark übergarnieren.";internet-informed-curated;
csv-041-ukiyo-nashi-pear-gin;Ukiyo Nashi Pear Gin;Ukiyo Spirits;Gin;Japanese Nashi Pear Gin;1 Flasche;Unbekannt;100%;Fruchtig | Zitrisch | Floral;Cocktailbasis;Gin | Japanese Gin | Fruit-forward Gin;;Japan;Japanischer Gin mit frischer Nashi-Birne, feiner Frucht und leichter floraler Frische. Zugänglich, saftig und gut für helle, frische Highballs.;Fruchtig | Birne | Zitrisch | Floral | Wacholder;Gin & Tonic | Highball | Fizz | Cocktailbasis;"Mit Tonic oder Soda und einer Birnen- oder Zitronenzeste servieren; auch passend für fruchtige Gin-Fizzes.";internet-informed-curated;
csv-042-ukiyo-tokyo-dry-gin;Ukiyo Tokyo Dry Gin;Ukiyo Spirits;Gin;Tokyo Dry Gin;1 Flasche;Unbekannt;100%;Trocken | Zitrisch | Kräuterig;Cocktailbasis;Gin | Japanese Gin | Dry Gin;;Japan | Chiba;Trockener japanischer Gin mit Yuzu, Mikan, Sakura und Sansho. Klar, würzig und zitrisch – eine gute japanische Basis für G&T, Martini und Highballs.;Trocken | Wacholder | Zitrisch | Kräuterig | Würzig;Gin & Tonic | Martini | Highball | Cocktailbasis;"Mit trockenem Tonic und Yuzu- oder Zitronenzeste servieren; für einen trockenen Martini gut kühlen.";internet-informed-curated;
csv-043-ukiyo-yuzu-gin;Ukiyo Yuzu Gin;Ukiyo Spirits;Gin;Japanese Yuzu Gin;1 Flasche;Unbekannt;100%;Zitrisch | Kräuterig;Cocktailbasis;Gin | Japanese Gin | Citrus Gin;;Japan;Japanischer Yuzu Gin mit klarer Zitrusfrische, feiner Bitterkeit und kräuterigen Noten. Hell, lebendig und ideal für erfrischende Highballs.;Zitrisch | Yuzu | Wacholder | Kräuterig | Frisch;Gin & Tonic | Highball | Fizz | Cocktailbasis;"Mit Tonic oder Soda, viel Eis und einer Zitruszeste servieren; sehr passend für spritzige Sommerdrinks.";internet-informed-curated;
csv-044-ungava-canadian-premium-gin;Ungava Canadian Premium Gin;Ungava Spirits;Gin;Canadian Arctic Gin;1 Flasche;Geöffnet;100%;Kräuterig | Fruchtig | Floral;Cocktailbasis;Gin | Canadian Gin | Botanical Gin;;Kanada | Québec;Kanadischer Gin mit arktischen Botanicals aus Nord-Québec. Kräuterig, wildfruchtig und floral mit markanter natürlicher Farbe und eigenständigem Charakter.;Kräuterig | Wacholder | Fruchtig | Floral | Würzig;Gin & Tonic | Highball | Cocktailbasis;"Mit trockenem Tonic und einer Grapefruit- oder Zitronenzeste servieren; für einfache Highballs bewusst schlank halten.";internet-informed-curated;
csv-045-amarula;Amarula;Amarula;Likör;Cream Liqueur;1 Flasche;Unbekannt;100%;Süß;Modifier | Digestif;Liqueur | Cream Liqueur;;;Amarula ist als Likör / Cream Liqueur eingeordnet. Geschmack: Süß. Nutzung: Modifier, Digestif.;;;;curated-existing;
csv-046-baileys;Baileys;Diageo;Likör;Cream Liqueur;1 Flasche;Unbekannt;100%;Süß;Modifier | Digestif;Liqueur | Cream Liqueur;;;Baileys ist als Likör / Cream Liqueur eingeordnet. Geschmack: Süß. Nutzung: Modifier, Digestif.;;;;curated-existing;
csv-047-batida-de-coco;Batida de Coco;Mangaroca;Likör;Kokos;1 Flasche;Unbekannt;100%;Süß;Modifier | Digestif | Tiki & Tropical;Liqueur | Tropical Modifier;;;Batida de Coco ist als Likör / Kokos eingeordnet. Geschmack: Süß. Nutzung: Modifier, Digestif, Tiki & Tropical.;;;;curated-existing;
csv-048-apricot-brandy;Bols Apricot Brandy;Bols;Likör;Fruchtlikör;1 Flasche;Unbekannt;100%;Fruchtig | Süß;Modifier | Cocktailbasis | Frisch & Sour;Likör | Fruchtlikör;;Niederlande;Aprikosenlikör von Bols mit klarer Steinfrucht, süßer Fruchtfülle und leichter Mandel-Anmutung. Ein klassischer Modifier für Sours, Tropical-Drinks und fruchtige Cocktail-Twists.;Aprikose | Steinfrucht | Mandel | Süße;Apricot Sour | Mai Tai Twist | Fruchtige Sours;In kleinen Mengen als fruchtiger Modifier oder als Süße- und Fruchtbaustein in Sours.;curated-repaired;
csv-049-cherry-brandy;Bols Cherry Brandy;Bols;Likör;Fruchtlikör;1 Flasche;Unbekannt;100%;Fruchtig | Süß;Modifier | Cocktailbasis | Frisch & Sour;Likör | Fruchtlikör;;Niederlande;Kirschlikör von Bols mit süßer Kirsche, roter Frucht und leichter Mandel-Würze. Gut als Modifier für Singapore-Sling-ähnliche Drinks, Sours und dunkle Fruchtakzente.;Kirsche | Rote Frucht | Mandel | Süße;Singapore Sling Twist | Cherry Sour | Fruchtige Highballs;Sparsam dosieren, wenn ein Drink rote Frucht und süße Kirsch-Tiefe bekommen soll.;curated-repaired;
csv-050-creme-de-cacao-brown;Crème de Cacao Brown;Bols;Likör;Kakao;1 Flasche;Unbekannt;100%;Süß;Modifier | Digestif;Liqueur | Chocolate Liqueur;;;Crème de Cacao Brown ist als Likör / Kakao eingeordnet. Geschmack: Süß. Nutzung: Modifier, Digestif.;;;;curated-existing;
csv-051-creme-de-cacao-white;Crème de Cacao White;Bols;Likör;Kakao;1 Flasche;Unbekannt;100%;Süß;Modifier | Digestif;Liqueur | Chocolate Liqueur;;;Crème de Cacao White ist als Likör / Kakao eingeordnet. Geschmack: Süß. Nutzung: Modifier, Digestif.;;;;curated-existing;
csv-052-maraschino;Maraschino;Bols;Likör;Maraschino;1 Flasche;Unbekannt;100%;Süß;Modifier | Digestif;Liqueur;;;Maraschino ist als Likör / Maraschino eingeordnet. Geschmack: Süß. Nutzung: Modifier, Digestif.;;;;curated-existing;
csv-053-peach;Peach;Bols;Likör;Fruchtlikör;1 Flasche;Unbekannt;100%;Süß | Fruchtig;Modifier | Digestif;Liqueur;;;Peach ist als Likör / Fruchtlikör eingeordnet. Geschmack: Süß, Fruchtig. Nutzung: Modifier, Digestif.;;;;curated-existing;
csv-054-sour-apple;Sour Apple;Bols;Likör;Fruchtlikör;1 Flasche;Geöffnet;100%;Süß | Fruchtig;Modifier | Digestif;Liqueur;;;Sour Apple ist als Likör / Fruchtlikör eingeordnet. Geschmack: Süß, Fruchtig. Nutzung: Modifier, Digestif.;;;;curated-existing;
csv-055-triple-sec;Triple Sec;Bols;Likör;Triple Sec;1 Flasche;Geöffnet;100%;Süß | Zitrisch | Fruchtig | Trocken;Modifier | Digestif | Frisch & Sour;Liqueur | Orange Liqueur;;;Triple Sec ist als Likör / Triple Sec eingeordnet. Geschmack: Süß, Zitrisch, Fruchtig, Trocken. Nutzung: Modifier, Digestif, Frisch & Sour.;;;;curated-existing;
csv-056-chartreuse-verte;Chartreuse Verte;Chartreuse;Likör;Kräuterlikör;1 Flasche;Unbekannt;100%;Süß | Kräuterig;Modifier | Digestif;Liqueur;;;Chartreuse Verte ist als Likör / Kräuterlikör eingeordnet. Geschmack: Süß, Kräuterig. Nutzung: Modifier, Digestif.;;;;curated-existing;
csv-057-cointreau;Cointreau;Rémy Cointreau;Likör;Orange Liqueur;1 Flasche;Unbekannt;100%;Süß | Zitrisch | Fruchtig;Modifier | Digestif | Frisch & Sour;Liqueur | Orange Liqueur;;;Cointreau ist als Likör / Orange Liqueur eingeordnet. Geschmack: Süß, Zitrisch, Fruchtig. Nutzung: Modifier, Digestif, Frisch & Sour.;;;;curated-existing;
csv-058-mandellikor;Mandellikör;Illva Saronno;Likör;Amaretto;1 Flasche;Unbekannt;100%;Süß | Nussig;Modifier | Digestif;Liqueur | Nut Liqueur;;;Mandellikör ist als Likör / Amaretto eingeordnet. Geschmack: Süß, Nussig. Nutzung: Modifier, Digestif.;;;;curated-existing;
csv-059-dom-benedictine;DOM Bénédictine;Bacardi;Likör;Kräuterlikör;1 Flasche;Ungeöffnet;100%;Süß | Kräuterig;Modifier | Digestif;Liqueur;;;DOM Bénédictine ist als Likör / Kräuterlikör eingeordnet. Geschmack: Süß, Kräuterig. Nutzung: Modifier, Digestif.;;;;curated-existing;
csv-060-galliano-l-autentico;Galliano L’Autentico;Lucas Bols;Likör;Kräuterlikör;1 Flasche;Geöffnet;100%;Süß | Kräuterig;Modifier | Digestif;Liqueur;;;Galliano L’Autentico ist als Likör / Kräuterlikör eingeordnet. Geschmack: Süß, Kräuterig. Nutzung: Modifier, Digestif.;;;;curated-existing;
csv-061-galliano-vanilla;Galliano Vanilla;Lucas Bols;Likör;Kräuter/Vanille;1 Flasche;Geöffnet;100%;Süß | Kräuterig;Modifier | Digestif;Liqueur;;;Galliano Vanilla ist als Likör / Kräuter/Vanille eingeordnet. Geschmack: Süß, Kräuterig. Nutzung: Modifier, Digestif.;;;;curated-existing;
csv-062-creme-de-violette;Crème de Violette;Giffard;Likör;Floral;1 Flasche;Geöffnet;100%;Süß | Floral;Modifier | Digestif;Liqueur;;;Crème de Violette ist als Likör / Floral eingeordnet. Geschmack: Süß, Floral. Nutzung: Modifier, Digestif.;;;;curated-existing;
csv-063-grand-marnier;Grand Marnier;Marnier Lapostolle;Likör;Orangenlikör;1 Flasche;Unbekannt;100%;Fruchtig | Süß | Zitrisch;Modifier | Cocktailbasis | Digestif;Likör | Cognac | Orangenlikör;;Frankreich;Französischer Orangenlikör auf Cognac-Basis mit bitter-süßer Orange, Vanille, Würze und weichem Brandy-Körper. Stark in Sidecar, Margarita-Twists und als edler Digestif.;Orange | Bitterorange | Vanille | Cognac | Würze;Sidecar | Margarita Twist | Crêpe Suzette Drinks;Pur, auf Eis oder als hochwertiger Orangen-Modifier in klassischen Cocktails.;curated-repaired;
csv-064-kahlua;Kahlúa;Pernod Ricard;Likör;Kaffee;1 Flasche;Unbekannt;100%;Süß | Kräuterig | Kaffee;Modifier | Digestif;Liqueur | Coffee Liqueur;;;Kahlúa ist als Likör / Kaffee eingeordnet. Geschmack: Süß, Kräuterig, Kaffee. Nutzung: Modifier, Digestif.;;;;curated-existing;
csv-065-kaffee-likor;Kaffee Likör;Lantenhammer;Likör;Kaffee;1 Flasche;Unbekannt;100%;Süß | Kaffee;Modifier | Digestif;Liqueur | Coffee Liqueur;;;Kaffee Likör ist als Likör / Kaffee eingeordnet. Geschmack: Süß, Kaffee. Nutzung: Modifier, Digestif.;;;;curated-existing;
csv-066-walnusslikor;Walnusslikör;Lantenhammer;Likör;Nusslikör;2 Flaschen;Unbekannt;100%;Süß | Nussig;Modifier | Digestif;Liqueur | Nut Liqueur;;;Walnusslikör ist als Likör / Nusslikör eingeordnet. Geschmack: Süß, Nussig. Nutzung: Modifier, Digestif.;;;;curated-existing;
csv-067-licor-43;Licor 43;Zamora Company;Likör;Vanillelikör;1 Flasche;Geöffnet;100%;Süß;Modifier | Digestif;Liqueur;;Spanien;Licor 43 ist als Likör / Vanillelikör eingeordnet. Geschmack: Süß. Nutzung: Modifier, Digestif.;;;;curated-existing;
csv-068-maraschino;Maraschino;Luxardo;Likör;Maraschino;1 Flasche;Geöffnet;100%;Süß | Floral;Modifier | Digestif;Liqueur;;;Maraschino ist als Likör / Maraschino eingeordnet. Geschmack: Süß, Floral. Nutzung: Modifier, Digestif.;;;;curated-existing;
csv-069-marcati-limoncello;Marcati Limoncello;Marcati;Likör;Zitronenlikör;1 Flasche;Geöffnet;100%;Süß | Zitrisch;Modifier | Digestif;Liqueur;;Italien;Marcati Limoncello ist als Likör / Zitronenlikör eingeordnet. Geschmack: Süß, Zitrisch. Nutzung: Modifier, Digestif.;;;;curated-existing;
csv-070-molinari-caffe;Molinari Caffè;Molinari;Likör;Kaffee / Sambuca;1 Flasche;Unbekannt;100%;Süß | Kaffee;Modifier | Digestif;Liqueur | Coffee Liqueur;;Italien;Molinari Caffè ist als Likör / Kaffee / Sambuca eingeordnet. Geschmack: Süß, Kaffee. Nutzung: Modifier, Digestif.;;;;curated-existing;
csv-071-pistazienlikor;Pistazienlikör;;Likör;Nusslikör;1 Flasche;Unbekannt;100%;Süß | Nussig;Modifier | Digestif;Liqueur | Nut Liqueur;;;Pistazienlikör ist als Likör / Nusslikör eingeordnet. Geschmack: Süß, Nussig. Nutzung: Modifier, Digestif.;;;;curated-existing;
csv-072-licellino-limoncello;Licellino Limoncello;Ricetta Originale;Likör;Zitronenlikör;1 Flasche;Geöffnet;100%;Süß | Zitrisch | Fruchtig;Digestif | Spritz | Modifier;Likör | Zitronenlikör;;Italien;Italienisch inspirierter Zitronenlikör mit heller Zitrusfrische und süßer Likörstruktur. Geeignet als Digestif, für Spritz-Varianten oder als zitrischer Akzent in Dessertdrinks.;Süß | Zitrisch | Fruchtig;Digestif | Spritz | Dessertdrink | Modifier;Gut gekühlt pur, auf Eis oder mit Prosecco/Soda als leichter Spritz servieren.;curated-correction;
csv-073-salmari;Salmari;Salmari;Likör;Salmiak/Lakritz;1 Flasche;Geöffnet;100%;Süß;Modifier | Digestif;Liqueur;;;Salmari ist als Likör / Salmiak/Lakritz eingeordnet. Geschmack: Süß. Nutzung: Modifier, Digestif.;;;;curated-existing;
csv-074-kastanienlikor;Kastanienlikör;Unterthurner;Likör;Nuss/Spezialität;1 Flasche;Geöffnet;100%;Süß | Nussig;Modifier | Digestif;Liqueur | Nut Liqueur;;;Kastanienlikör ist als Likör / Nuss/Spezialität eingeordnet. Geschmack: Süß, Nussig. Nutzung: Modifier, Digestif.;;;;curated-existing;
csv-075-creme-de-cassis;Crème de Cassis;Vedrenne;Likör;Beerenlikör;1 Flasche;Unbekannt;100%;Süß;Modifier | Digestif;Liqueur;;;Crème de Cassis ist als Likör / Beerenlikör eingeordnet. Geschmack: Süß. Nutzung: Modifier, Digestif.;;;;curated-existing;
csv-076-bombardino;Bombardino;Walcher;Likör;Eierlikör/Creme;1 Flasche;Geöffnet;100%;Süß;Modifier | Digestif;Liqueur;;;Bombardino ist als Likör / Eierlikör/Creme eingeordnet. Geschmack: Süß. Nutzung: Modifier, Digestif.;;;;curated-existing;
csv-077-cappuccino;Cappuccino;Walcher;Likör;Kaffee/Creme;1 Flasche;Unbekannt;100%;Süß | Kaffee;Modifier | Digestif;Liqueur | Coffee Liqueur;;;Cappuccino ist als Likör / Kaffee/Creme eingeordnet. Geschmack: Süß, Kaffee. Nutzung: Modifier, Digestif.;;;;curated-existing;
csv-078-noisetto;Noisetto;Walcher;Likör;Haselnuss/Rum;2 Flaschen;Unbekannt;100%;Süß | Nussig;Modifier | Digestif;Liqueur | Nut Liqueur;;;Noisetto ist als Likör / Haselnuss/Rum eingeordnet. Geschmack: Süß, Nussig. Nutzung: Modifier, Digestif.;;;;curated-existing;
csv-079-tartuffetto;Tartuffetto;Walcher;Likör;Kakao/Rum;1 Flasche;Unbekannt;100%;Süß;Modifier | Digestif;Liqueur;;;Tartuffetto ist als Likör / Kakao/Rum eingeordnet. Geschmack: Süß. Nutzung: Modifier, Digestif.;;;;curated-existing;
csv-080-moscatel-pisco;Moscatel Pisco;Barsol;Pisco;Moscatel;1 Flasche;Geöffnet;100%;Trocken;Cocktailbasis | Pur | Frisch & Sour;Moscatel;;;Moscatel Pisco ist als Pisco / Moscatel eingeordnet. Geschmack: Trocken. Nutzung: Cocktailbasis, Pur, Frisch & Sour.;;;;curated-existing;
csv-081-quebranta-pisco;Quebranta Pisco;Barsol;Pisco;Quebranta;1 Flasche;Geöffnet;100%;Trocken;Cocktailbasis | Pur | Frisch & Sour;Quebranta;;;Quebranta Pisco ist als Pisco / Quebranta eingeordnet. Geschmack: Trocken. Nutzung: Cocktailbasis, Pur, Frisch & Sour.;;;;curated-existing;
csv-082-pisco-puro-2021;Pisco Puro 2021;Tierra Nueva;Pisco;Pisco Puro;1 Flasche;Ungeöffnet;100%;Trocken;Cocktailbasis | Pur | Frisch & Sour;Pisco Puro;;Peru;Pisco Puro 2021 ist als Pisco / Pisco Puro eingeordnet. Geschmack: Trocken. Nutzung: Cocktailbasis, Pur, Frisch & Sour.;;;;curated-existing;
csv-083-absinthe;Absinthe;Mansinthe;Rakı / Anis;Absinthe;1 Flasche;Geöffnet;100%;Kräuterig;Pur;Absinthe;;;Absinthe ist als Rak? / Anis / Absinthe eingeordnet. Geschmack: Kräuterig. Nutzung: Pur.;;;;curated-existing;
csv-084-pernod;Pernod;Pernod;Rakı / Anis;Anis Aperitif;1 Flasche;Unbekannt;100%;Kräuterig;Aperitif | Modifier;Anis Aperitif | Französisch | Klassisch;;Frankreich;Französischer Anis-Aperitif mit Sternanis, Fenchel, Koriander, Minze und weiteren Aromapflanzen. Pernod ist klar, intensiv und frisch und wird klassisch mit Wasser verlängert oder in kleinen Mengen als Anis-Akzent verwendet.;Sternanis | Fenchel | Koriander | Minze | Kräuter;Pernod mit Wasser | Anis-Highball | Aromatischer Modifier;"Klassisch mit kaltem Wasser verlängern; als Cocktailzutat sehr sparsam einsetzen, weil Anis schnell dominant wird.";web-curated-v0.17;
csv-085-pastis-of-marseille;Pastis of Marseille;Pernod Ricard;Rakı / Anis;Pastis;1 Flasche;Unbekannt;100%;Kräuterig;Pur;Pastis;;;Pastis of Marseille ist als Rak? / Anis / Pastis eingeordnet. Geschmack: Kräuterig. Nutzung: Pur.;;;;curated-existing;
csv-086-sambuca;Sambuca;Molinari;Rakı / Anis;Sambuca;1 Flasche;Geöffnet;100%;Kräuterig;Pur;Sambuca;;Italien;Sambuca ist als Rak? / Anis / Sambuca eingeordnet. Geschmack: Kräuterig. Nutzung: Pur.;;;;curated-existing;
csv-087-tekirda-no-10-rak;Tekirda? No.10 Rak?;Tekirda?;Rakı / Anis;Rak?;1 Flasche;Geöffnet;100%;Kräuterig;Pur;Rak?;;Türkei;Tekirda? No.10 Rak? ist als Rak? / Anis / Rak? eingeordnet. Geschmack: Kräuterig. Nutzung: Pur.;;;;curated-existing;
csv-088-yeni-rak-ala;Yeni Rak? Ala;Yeni Rak?;Rakı / Anis;Rak?;1 Flasche;Geöffnet;100%;Kräuterig;Pur;Rak?;;Türkei;Yeni Rak? Ala ist als Rak? / Anis / Rak? eingeordnet. Geschmack: Kräuterig. Nutzung: Pur.;;;;curated-existing;
csv-089-barbados-rum-8-years;Barbados Rum 8 Years;Foursquare / Barbados Distillers;Rum;Aged Rum;1 Flasche;Geöffnet;100%;Trocken | Fruchtig | Süß;Cocktailbasis | Tiki & Tropical | Longdrink & Highball;Rum | Aged Rum;;Barbados;Achtjähriger Barbados Rum mit Vanille, Karamell, reifer Frucht und trockener Eichenwürze. Rund genug zum puren Probieren, gleichzeitig sehr brauchbar für Rum Old Fashioned und tropische Drinks.;Vanille | Karamell | Eiche | Tropenfrucht | Gewürz;Rum Old Fashioned | Mai Tai | Daiquiri Twist;Pur, auf Eis oder als gereifter Rum in kräftigeren Tropical- und Highball-Drinks.;curated-repaired;
csv-090-el-dorado-3-years;El Dorado 3 Years;Demerara Distillers;Rum;White Rum;1 Flasche;Unbekannt;100%;Trocken | Fruchtig | Süß;Cocktailbasis | Frisch & Sour | Longdrink & Highball | Tiki & Tropical;Rum | White Rum;;Guyana;Weißer Demerara Rum aus Guyana mit leichter Vanille, Zuckerrohr, heller Frucht und weichem Körper. Eine saubere Basis für Daiquiri, Mojito, Rum Sour und helle Tropical-Drinks.;Zuckerrohr | Vanille | Helle Frucht | Leichte Würze;Daiquiri | Mojito | Rum Sour;Als heller Rum für frische Sours, Highballs und tropische Cocktails einsetzen.;curated-repaired;
csv-091-lebkuchen-rum;Lebkuchen-Rum;Bar Seibert's;Rum;Homemade Infusion;1 Flasche;Unbekannt;100%;Süß | Kräuterig | Nussig;Modifier | Digestif | Cocktailbasis;Rum | Infusion;;;Gewürzter Rum mit Lebkuchenprofil, warmer Backgewürz-Note, Süße und winterlicher Tiefe. Am besten als kleiner Modifier für Dessert-Drinks, Hot Drinks oder saisonale Rum-Cocktails.;Lebkuchen | Zimt | Nelke | Vanille | Gewürz;Winterlicher Rum Sour | Hot Buttered Rum Twist | Dessert-Drinks;Sparsam dosieren, damit die Gewürzsüße den Drink nicht überlagert.;curated-repaired;
csv-092-old-pascas-jamaica-dark-rum;Old Pascas Jamaica Dark Rum;Borco;Rum;Dark Rum;1 Flasche;Ungeöffnet;100%;Süß | Fruchtig | Kräuterig;Cocktailbasis | Tiki & Tropical | Modifier;Rum | Dark Rum;;Jamaika;Dunkler Jamaica Rum mit kräftiger Melasse, reifer Banane, Würze und dunkler Süße. Ein markanter Baustein für Tiki-Drinks, Rum Punches und dunkle Rum-Akzente.;Melasse | Banane | Dunkle Frucht | Gewürz | Karamell;Planter’s Punch | Tiki-Drinks | Dark Rum Float;Als dunkler Rum oder Float verwenden, wenn ein Drink mehr Tiefe und Jamaica-Charakter braucht.;curated-repaired;
csv-093-plantation-xo-20th-anniversary;Planteray XO 20th Anniversary;Maison Ferrand;Rum;Premium Rum;1 Flasche;Ungeöffnet;100%;Süß | Fruchtig | Nussig;Pur | Digestif | Spirit-Forward;Rum | Premium Rum;;Barbados;Eleganter Barbados-Rum mit Vanille, Kokos, Karamell, reifer Frucht und weicher Fasswürze. Sehr rund und luxuriös, daher vor allem für puren Genuss oder einen Rum Old Fashioned geeignet.;Vanille | Kokos | Karamell | Reife Frucht | Eiche;Pur | Rum Old Fashioned | Rum Manhattan Twist;Pur im Nosing-Glas oder auf großem Eiswürfel, nicht als anonyme Mischbasis verschwenden.;curated-repaired;
csv-094-cachaca;Cachaça;Magnífica;Cachaça;Cachaça;1 Flasche;Ungeöffnet;100%;Trocken | Fruchtig;Cocktailbasis | Frisch & Sour | Tiki & Tropical | Longdrink & Highball;Cachaça | Sugarcane Spirit;;Brasilien;Cachaça als Zuckerrohrspirituose für Caipirinha, frische Sours und tropische Drinks.;;;;curated-existing;
csv-095-grenadine;Grenadine;Bols;Sirup / Mixer;Sirup;1 Flasche;Unbekannt;100%;Trocken | Süß | Fruchtig;Longdrink & Highball | Modifier;Mixer;;;Grenadine ist als Sirup / Mixer / Sirup eingeordnet. Geschmack: Trocken, Süß, Fruchtig. Nutzung: Longdrink & Highball, Modifier.;;;;curated-existing;
csv-096-rohrzucker-sirup;Rohrzucker Sirup;Giffard;Sirup / Mixer;Sirup;1 Flasche;Unbekannt;100%;Trocken | Süß;Longdrink & Highball | Modifier;Mixer;;;Rohrzucker Sirup ist als Sirup / Mixer / Sirup eingeordnet. Geschmack: Trocken, Süß. Nutzung: Longdrink & Highball, Modifier.;;;;curated-existing;
csv-097-ginger-beer;Ginger Beer;Rewe;Sirup / Mixer;Filler;1 Flasche;Ungeöffnet;100%;Süß;Longdrink & Highball;Mixer | Ginger Beer;;;Würziger Ingwer-Filler für Highballs, Mules und Tiki-Drinks. Bringt Schärfe, Frische und Süße in lange Drinks.;Scharf | Würzig | Ingwer | Süß;Filler | Longdrink & Highball | Mule | Tiki;"Gut gekühlt als Filler verwenden; besonders passend für Moscow Mule, Dark & Stormy und frische Highballs.";curated-correction;
csv-098-limettensaft;Limettensaft;Rewe;Saft;Saft;1 Flasche;Ungeöffnet;100%;Zitrisch | Trocken;Modifier | Frisch & Sour;Juice;;;Limettensaft ist als Saft / Saft eingeordnet. Geschmack: Zitrisch, Trocken. Nutzung: Modifier, Frisch & Sour.;;;;curated-existing;
csv-099-blue-curacao;Monin Blue Curaçao;Monin;Sirup / Mixer;Sirup;1 Flasche;Unbekannt;100%;Trocken | Süß | Zitrisch;Longdrink & Highball | Modifier;Mixer | Orange Liqueur;;;Blue Curaçao ist als Sirup / Mixer / Sirup eingeordnet. Geschmack: Trocken, Süß, Zitrisch. Nutzung: Longdrink & Highball, Modifier.;;;;curated-existing;
csv-100-creme-de-menthe-verte;Monin Crème de Menthe Verte;Monin;Sirup / Mixer;Sirup;1 Flasche;Unbekannt;100%;Trocken | Süß | Kräuterig;Longdrink & Highball | Modifier;Mixer;;;Crème de Menthe Verte ist als Sirup / Mixer / Sirup eingeordnet. Geschmack: Trocken, Süß, Kräuterig. Nutzung: Longdrink & Highball, Modifier.;;;;curated-existing;
csv-101-gomme-syrup;Monin Gomme Syrup;Monin;Sirup / Mixer;Sirup;1 Flasche;Unbekannt;100%;Trocken | Süß;Longdrink & Highball | Modifier;Mixer;;;Gomme Syrup ist als Sirup / Mixer / Sirup eingeordnet. Geschmack: Trocken, Süß. Nutzung: Longdrink & Highball, Modifier.;;;;curated-existing;
csv-103-weisserrohrzucker-sirup;Monin Weißer Rohrzucker Sirup;Monin;Sirup / Mixer;Sirup;2 Flaschen;Unbekannt;100%;Süß;Modifier | Frisch & Sour | Longdrink & Highball | Cocktailbasis;Sirup | Rohrzucker | Zuckersirup | Monin;;Frankreich;Klarer Rohrzuckersirup für ausgewogene Süße in Sours, Highballs und klassischen Cocktails. Neutral, sauber und vielseitig, wenn ein Drink Struktur braucht, ohne zusätzliche Frucht- oder Gewürznoten einzubringen.;;;;user-approved-curated;
csv-104-pircher-holunderblutensirup;Pircher Holunderblüten Likör;Pircher;Likör;Holunderblütenlikör;1 Flasche;Ungeöffnet;100%;Floral | Süß | Fruchtig;Modifier | Spritz | Frisch & Sour | Aperitif;Holunderblütenlikör | Blütenlikör | Sommerdrinks;;Italien;Floraler Holunderblütenlikör mit feiner Süße und frischem Blütenaroma. Elegant als Modifier für Spritz-Varianten, Sours und leichte Sommerdrinks, wenn Holunder nicht nur süßen, sondern auch aromatisch tragen soll.;;;;user-approved-curated;
csv-105-mandelsirup;Riemerschmid Mandelsirup;Riemerschmid;Sirup / Mixer;Sirup;1 Flasche;Unbekannt;100%;Trocken | Süß;Longdrink & Highball | Modifier | Tiki & Tropical;Mixer | Tropical Modifier;;;Mandelsirup ist als Sirup / Mixer / Sirup eingeordnet. Geschmack: Trocken, Süß. Nutzung: Longdrink & Highball, Modifier, Tiki & Tropical.;;;;curated-existing;
csv-107-vanillesirup;Riemerschmid Vanille Bar-Sirup;Riemerschmid;Sirup / Mixer;Sirup;1 Flasche;Unbekannt;100%;Trocken | Süß;Longdrink & Highball | Modifier;Mixer;;;Vanillesirup ist als Sirup / Mixer / Sirup eingeordnet. Geschmack: Trocken, Süß. Nutzung: Longdrink & Highball, Modifier.;;;;curated-existing;
csv-108-zitronensaft;Zitronensaft;Rewe;Saft;Saft;2 Flaschen;Ungeöffnet;100%;Zitrisch | Trocken;Modifier | Frisch & Sour;Juice;;;Zitronensaft ist als Saft / Saft eingeordnet. Geschmack: Zitrisch, Trocken. Nutzung: Modifier, Frisch & Sour.;;;;curated-existing;
csv-109-especial-reposado;Especial Reposado;Jose Cuervo;Tequila;Reposado;1 Flasche;Unbekannt;100%;Trocken;Cocktailbasis | Pur | Spirit-Forward | Frisch & Sour;Tequila;;;Especial Reposado ist als Tequila / Reposado eingeordnet. Geschmack: Trocken. Nutzung: Cocktailbasis, Pur, Spirit-Forward, Frisch & Sour.;;;;curated-existing;
csv-110-cuervo-silver;Cuervo Silver;Jose Cuervo;Tequila;Blanco/Silver;1 Flasche;Unbekannt;100%;Trocken;Cocktailbasis | Pur | Spirit-Forward | Frisch & Sour;Tequila;;;Cuervo Silver ist als Tequila / Blanco/Silver eingeordnet. Geschmack: Trocken. Nutzung: Cocktailbasis, Pur, Spirit-Forward, Frisch & Sour.;;;;curated-existing;
csv-111-patron-anejo;Patrón Añejo;Patrón Spirits;Tequila;Añejo;1 Flasche;Ungeöffnet;100%;Trocken;Cocktailbasis | Pur | Spirit-Forward | Frisch & Sour;Tequila;;;Patrón Añejo ist als Tequila / Añejo eingeordnet. Geschmack: Trocken. Nutzung: Cocktailbasis, Pur, Spirit-Forward, Frisch & Sour.;;;;curated-existing;
csv-112-graham-s-20-year-tawny-port;Graham’s 20 Year Tawny Port;Graham's;Vermouth / Fortified Wine;Port;1 Flasche;Geöffnet;100%;Süß | Nussig | Fruchtig;Digestif | Modifier;Fortified Wine | Tawny Port | Elegant | Dessert;;Portugal | Douro;Gereifter Tawny Port aus dem Douro mit nussigem Charakter, reifer Frucht, Orangenschale, weicher Süße und langem, elegantem Finish. Er passt besonders gut zu Desserts, Nüssen, Trockenfrüchten und dunklen Cocktail-Twists.;Nüsse | reife Früchte | Orangenschale | weiche Süße | langer Abgang;Dessertbegleitung | Digestif | Port-Modifier;"Leicht gekühlt als Digestif oder Dessertbegleiter servieren; in kleinen Mengen auch als nussig-süßer Modifier in dunklen Drinks einsetzen.";web-curated-v0.17;
csv-113-px-sherry;PX Sherry;Lustau;Vermouth / Fortified Wine;PX Sherry;1 Flasche;Ungeöffnet;100%;Süß | Fruchtig | Kaffee;Digestif | Modifier;Fortified Wine | PX Sherry | Dessert | Intensiv;;Spanien | Jerez;Sehr süßer Pedro-Ximénez-Sherry mit Rosinen, Feigen, Datteln, Honig, dunkler Schokolade, Kaffee und Lakritz. PX bringt Tiefe, Dessertcharakter und eine samtige Süße in Drinks oder wird pur zu Dessert serviert.;Rosinen | Feigen | Datteln | Honig | Kaffee | dunkle Schokolade;Dessert | Digestif | Sherry-Modifier;"Leicht gekühlt in kleinen Mengen servieren; hervorragend zu Vanilleeis, Schokolade, Blauschimmelkäse oder als süßer Akzent in Cocktails.";web-curated-v0.17;
csv-114-noilly-prat-dry;Noilly Prat Dry;Noilly Prat;Vermouth / Fortified Wine;Dry Vermouth;1 Flasche;Unbekannt;100%;Trocken | Fruchtig | Kräuterig | Zitrisch | Floral;Aperitif | Modifier | Spirit-Forward;Dry Vermouth | Fortified Wine | Klassisch | Trocken;;Frankreich | Marseillan;Französischer Dry Vermouth aus Marseillan mit trockener Weinbasis, Kräutern, Kamille, Koriander, Bitterorange und Holunderblüte. Noilly Prat Dry ist ein klassischer Baustein für Martinis, Aperitifs und fein strukturierte Stirred Drinks.;Kamille | Koriander | Bitterorange | Holunderblüte | trockene Kräuter;Dry Martini | Aperitif | Vermouth & Soda;"Gut gekühlt als Aperitif, mit Soda oder im Dry Martini verwenden; angebrochene Flasche gekühlt lagern.";web-curated-v0.17;
csv-115-noilly-prat-rouge;Noilly Prat Rouge;Noilly Prat;Vermouth / Fortified Wine;Red Vermouth;1 Flasche;Unbekannt;100%;Fruchtig | Süß | Bitter | Kräuterig;Aperitif | Modifier | Spirit-Forward;Red Vermouth | Fortified Wine | Würzig | Elegant;;Frankreich | Marseillan;Roter französischer Vermouth mit süßer Orange, Zimt, Chinarinde, Nelke und Kakao. Noilly Prat Rouge wirkt würzig, rund und aromatisch und passt als Aperitif, zu dunkleren Stirred Drinks oder als Begleiter zu Charcuterie und Dessert.;süße Orange | Zimt | Chinarinde | Nelke | Kakao;Vermouth & Soda | Manhattan-Twists | Aperitif;"Gut gekühlt pur, mit Eis oder Soda servieren; in Cocktails als würzig-runder roter Vermouth einsetzen.";web-curated-v0.17;
csv-116-absolut-100;Absolut 100;Absolut;Vodka;Vodka;1 Flasche;Unbekannt;100%;Trocken;Cocktailbasis | Longdrink & Highball | Frisch & Sour;Vodka;;;Neutraler Vodka als vielseitige Basis für Highballs, Sours und klare Cocktails.;;;;curated-existing;
csv-117-absolut-elyx;Absolut Elyx;Absolut;Vodka;Vodka;1 Flasche;Unbekannt;100%;Trocken;Cocktailbasis | Longdrink & Highball | Frisch & Sour;Vodka;;;Neutraler Vodka als vielseitige Basis für Highballs, Sours und klare Cocktails.;;;;curated-existing;
csv-118-ukiyo-rice-vodka;Ukiyo Rice Vodka;Ukiyo Spirits;Vodka;Vodka;1 Flasche;Unbekannt;100%;Trocken;Cocktailbasis | Longdrink & Highball | Frisch & Sour;Vodka;;Japan;Neutraler Vodka als vielseitige Basis für Highballs, Sours und klare Cocktails.;;;;curated-existing;
csv-119-beyerskloof-synergy-cape-blend;Beyerskloof Synergy Cape Blend;Beyerskloof;Wein / Champagner;Rotwein Südafrika;1 Flasche;Ungeöffnet;100%;Trocken | Fruchtig;Pur | Digestif;Wine;;;Beyerskloof Synergy Cape Blend ist als Wein / Rotwein Südafrika eingeordnet. Geschmack: Trocken, Fruchtig. Nutzung: Pur, Digestif.;;;;curated-existing;
csv-120-les-grandes-des-domains-edmond-de-rothsc;Les Granges des Domaines Edmond de Rothschild 2014;Edmond de Rothschild;Wein / Champagner;Rotwein Bordeaux;1 Flasche;Ungeöffnet;100%;Trocken | Fruchtig;Pur | Digestif;Wine;;Frankreich;Les Grandes Des Domains Edmond de Rothschild 2014 ist als Wein / Rotwein Bordeaux eingeordnet. Geschmack: Trocken, Fruchtig. Nutzung: Pur, Digestif.;;;;curated-existing;
csv-121-chateau-bonalgue-pomerol-2018;Château Bonalgue Pomerol 2018;Château Bonalgue;Wein / Champagner;Rotwein Bordeaux;1 Flasche;Ungeöffnet;100%;Trocken | Fruchtig;Pur | Digestif;Wine;;Frankreich;Château Bonalgue Pomerol 2018 ist als Wein / Rotwein Bordeaux eingeordnet. Geschmack: Trocken, Fruchtig. Nutzung: Pur, Digestif.;;;;curated-existing;
csv-122-la-monetta-gavi-2023;La Monetta Gavi 2023;La Monetta;Wein / Champagner;Weißwein;1 Flasche;Unbekannt;100%;Trocken | Zitrisch | Fruchtig | Floral;Pur | Aperitif;Wine;;Italien;La Monetta Gavi 2023 ist als Wein / Weißwein eingeordnet. Geschmack: Trocken, Zitrisch, Fruchtig, Floral. Nutzung: Pur, Aperitif.;;;;curated-existing;
csv-123-silvaner-juliusspital-iphofer-julius-ech;Silvaner Juliusspital Iphöfer Julius-Echter-Berg 2022;Juliusspital;Wein / Champagner;Weißwein;1 Flasche;Ungeöffnet;100%;Trocken | Zitrisch | Fruchtig;Pur | Aperitif;Wine;;Deutschland;Silvaner Juliusspital Iphöfer Julius-Echter-Berg 2022 ist als Wein / Weißwein eingeordnet. Geschmack: Trocken, Zitrisch, Fruchtig. Nutzung: Pur, Aperitif.;;;;curated-existing;
csv-124-veuve-monsigny-brut-reserve-champagner;Champagne Vive Monsigny Brut Réserve;Veuve Monsigny;Wein / Champagner;Champagner;1 Flasche;Ungeöffnet;100%;Trocken | Zitrisch | Fruchtig;Pur | Aperitif;Wine;;Frankreich;Veuve ?Monsigny Brut Réserve Champagner ist als Wein / Champagner eingeordnet. Geschmack: Trocken, Zitrisch, Fruchtig. Nutzung: Pur, Aperitif.;;;;curated-existing;
csv-125-bulleit-bourbon-10-years;Bulleit Bourbon 10 Years;Bulleit;Whisky;Bourbon;2 Flaschen;Geöffnet;100%;Süß | Rauchig | Trocken;Pur | Cocktailbasis | Spirit-Forward | Frisch & Sour;Bourbon | Kentucky Straight Bourbon | 10 Jahre | Eiche | Vanille | Old Fashioned | Whiskey Sour;;USA | Kentucky;Gereifter Bourbon mit viel Eiche, Vanille, Trockenfrucht und einem langen, leicht rauchigen Abgang. Kräftig, rund und sehr gut für puren Genuss, Old Fashioned oder Whiskey Sour mit mehr Tiefe.;;;;user-approved-curated;
csv-126-bulleit-rye;Bulleit Rye;Bulleit;Whisky;Rye Whiskey;1 Flasche;Ungeöffnet;100%;Trocken | Süß;Cocktailbasis | Spirit-Forward | Pur;Rye Whiskey | American Rye | 95% Rye | würzig | kräftig | Manhattan | Old Fashioned | Sazerac;;USA | Kentucky;Würziger Rye Whiskey mit Vanille, Honig, Eiche und klarer Roggenwürze. Trocken, griffig und cocktailstark — besonders passend für kräftige Klassiker wie Manhattan, Old Fashioned oder Sazerac.;;;;user-approved-curated;
csv-127-glenfiddich-15-solera-reserve;Glenfiddich 15 Solera Reserve;Glenfiddich;Whisky;Scotch Single Malt;1 Flasche;Unbekannt;100%;Süß | Fruchtig | Nussig;Pur | Digestif | Spirit-Forward;Single Malt Scotch | Speyside | 15 Jahre | Solera | Honig | Vanille | Sherry-Eiche | Zimt;;Schottland | Speyside;Runder Single Malt mit Honig, Vanille, dunkler Frucht und sanfter Würze. Zugänglich und weich, ideal für Gäste, die Scotch kennenlernen möchten, ohne Rauch oder Schwere im Glas zu haben.;;;;user-approved-curated;
csv-128-glenmorangie-quinta-ruban-14;Glenmorangie Quinta Ruban 14;Glenmorangie;Whisky;Scotch Single Malt;1 Flasche;Unbekannt;100%;Süß | Nussig | Zitrisch | Fruchtig;Pur | Digestif | Spirit-Forward;Single Malt Scotch | Highland | 14 Jahre | Port Cask Finish | Schokolade | Orange | Walnuss;;Schottland | Highlands;Highland Single Malt mit Portwein-Einfluss, dunkler Schokolade, Orange, Nuss und warmer Süße. Elegant, dessertnah und sehr passend als ruhiger Digestif.;;;;user-approved-curated;
csv-129-jack-daniel-s-honey;Jack Daniel’s Honey;Jack Daniel’s;Whisky;Flavored Whiskey;1 Flasche;Unbekannt;100%;Süß;Longdrink & Highball | Modifier | Cocktailbasis;Flavored Whiskey | Whiskey-Likör | Tennessee Honey | Honig | Vanille;;USA | Tennessee;Süßer Whiskey-Likör auf Tennessee-Whiskey-Basis mit Honig, Vanille und weicher Würze. Am besten für einfache Highballs, Dessertdrinks oder Gäste, die Whiskey milder und süßer mögen.;;;;user-approved-curated;
csv-130-jack-daniel-s-tennessee-apple;Jack Daniel’s Tennessee Apple;Jack Daniel’s;Whisky;Flavored Whiskey;1 Flasche;Unbekannt;100%;Fruchtig | Süß;Longdrink & Highball | Modifier | Cocktailbasis;Flavored Whiskey | Whiskey-Likör | Tennessee Apple | Apfel | Vanille;;USA | Tennessee;Fruchtiger Whiskey-Likör mit grünem Apfel, Vanille und sanfter Tennessee-Whiskey-Wärme. Unkompliziert für Highballs, Apple-Whiskey-Drinks und süß-frische Gästedrinks.;;;;user-approved-curated;
csv-131-johnnie-walker-18-years;Johnnie Walker 18 Years;Johnnie Walker;Whisky;Blended Scotch;1 Flasche;Unbekannt;100%;Zitrisch | Nussig | Süß | Rauchig;Pur | Digestif | Spirit-Forward;Blended Scotch | 18 Jahre | Vanille | Mandel | Mandarine | dezenter Rauch;;Schottland;Eleganter Blended Scotch mit Zitrusfrucht, Mandeln, warmer Vanille und dezenter Rauchigkeit. Ausgewogen, weich und lang im Abgang — ein sehr guter Whisky für Gäste, die Tiefe ohne Härte suchen.;;;;user-approved-curated;
csv-132-johnnie-walker-blue-label;Johnnie Walker Blue Label;Johnnie Walker;Whisky;Blended Scotch;1 Flasche;Unbekannt;100%;Süß | Floral | Rauchig;Pur | Digestif | Spirit-Forward;Blended Scotch | Premium Whisky | Sipping Whisky | Vanille | Honig | feiner Rauch;;Schottland;Luxuriöser Blended Scotch mit Vanille, Honig, floraler Eleganz und feinem Rauch. Weich, tief und rund — ein Whisky für ruhige, besondere Momente und puren Genuss.;;;;user-approved-curated;
csv-133-johnnie-walker-gold-label-reserve;Johnnie Walker Gold Label Reserve;Johnnie Walker;Whisky;Blended Scotch;1 Flasche;Unbekannt;100%;Süß | Fruchtig | Rauchig;Pur | Longdrink & Highball | Spirit-Forward;Blended Scotch | Highball | Vanille | Honig | tropische Frucht | leichter Rauch;;Schottland;Runder Blended Scotch mit Honig, Vanille, tropischer Frucht und einem sanften Rauchhauch. Weich, zugänglich und festlich — ideal pur, auf Eis oder als gehobener Whisky-Highball.;;;;user-approved-curated;
csv-134-knob-creek-9;Knob Creek 9;Knob Creek;Whisky;Bourbon;1 Flasche;Unbekannt;100%;Süß | Nussig | Trocken;Pur | Cocktailbasis | Spirit-Forward | Frisch & Sour;Bourbon | Kentucky Straight Bourbon | 9 Jahre | 100 Proof | Small Batch | Old Fashioned | Whiskey Sour;;USA | Kentucky;Kräftiger Kentucky Bourbon mit Vanille, Karamell, gerösteter Eiche und nussiger Tiefe. Voll, würzig und trocken genug für klassische Bourbon-Drinks, aber auch pur ein sehr charaktervoller Hausbar-Whiskey.;;;;user-approved-curated;
csv-135-legent-bourbon;Legent Bourbon;Legent;Whisky;Bourbon;1 Flasche;Geöffnet;100%;Süß | Fruchtig;Pur | Spirit-Forward | Cocktailbasis;Bourbon | Kentucky Straight Bourbon | Wine Cask Finish | Sherry Cask Finish | Vanille | Karamell | Trockenfrucht;;USA | Kentucky;Eleganter Kentucky Bourbon mit Vanille, Karamell, Trockenfrucht und warmer Eiche. Durch Wein- und Sherryfass-Einflüsse wirkt er fruchtiger und runder als klassische Bourbons, ohne seine kräftige Bourbon-Basis zu verlieren.;;;;user-approved-curated;
csv-136-maker-s-mark-46;Maker’s Mark 46;Maker’s Mark;Whisky;Bourbon;1 Flasche;Unbekannt;100%;Süß | Nussig;Pur | Cocktailbasis | Spirit-Forward;Bourbon | Kentucky Straight Bourbon | Wheated Bourbon | French Oak Staves | Vanille | Karamell | Zimt;;USA | Kentucky;Weicher Bourbon mit Vanille, Karamell, gerösteter Eiche und warmer Zimtwürze. Runder und komplexer als der klassische Maker’s Mark, aber immer noch zugänglich und sehr angenehm pur oder in kräftigen Bourbon-Drinks.;;;;user-approved-curated;
csv-137-nikka-from-the-barrel;Nikka From The Barrel;Nikka;Whisky;Japanese Whisky;1 Flasche;Unbekannt;100%;Süß | Zitrisch | Fruchtig;Pur | Spirit-Forward | Longdrink & Highball;Japanese Whisky | Blended Whisky | 51,4% | High Proof | Orange | Vanille | Karamell;;Japan;Kraftvoller japanischer Whisky mit dichter Struktur, Orange, Vanille, Karamell und würziger Tiefe. Intensiv, konzentriert und elegant — besonders gut für puren Genuss, auf Eis oder sehr klare Spirit-Forward-Drinks.;;;;user-approved-curated;
csv-138-nikka-miyagikyo-single-malt;Nikka Miyagikyo Single Malt;Nikka;Whisky;Japanese Single Malt;1 Flasche;Unbekannt;100%;Fruchtig | Floral | Süß;Pur | Digestif | Spirit-Forward;Japanese Single Malt | Miyagikyo | Apfel | Birne | Pfirsich | Sherry-Anklänge | feine Würze;;Japan;Eleganter japanischer Single Malt mit Apfel, floraler Frische, sanfter Süße und feiner Würze. Leichter und filigraner als viele kräftige Whiskys — ideal für Gäste, die einen ruhigen, fruchtigen und eleganten Whisky suchen.;;;;user-approved-curated;
csv-139-the-balvenie-caribbean-cask-14;The Balvenie Caribbean Cask 14;The Balvenie;Whisky;Scotch Single Malt;1 Flasche;Unbekannt;100%;Süß | Fruchtig;Pur | Digestif | Spirit-Forward;Single Malt Scotch | Speyside | 14 Jahre | Rum Cask Finish | Honig | Toffee | Vanille | tropische Frucht;;Schottland | Speyside;Weicher Single Malt mit Honig, Toffee, Vanille und einem Hauch tropischer Frucht. Das Rumfass-Finish macht ihn rund, warm und sehr zugänglich — ein schöner Whisky für Gäste, die milde, süßere Stile mögen.;;;;user-approved-curated;
csv-140-the-dalmore-port-wood-reserve;The Dalmore Port Wood Reserve;The Dalmore;Whisky;Scotch Single Malt;1 Flasche;Unbekannt;100%;Fruchtig | Süß | Nussig | Zitrisch;Pur | Digestif | Spirit-Forward;Single Malt Scotch | Highland | Port Wood Reserve | Tawny Port Pipes | rote Beeren | Orange | Karamell | Kastanie;;Schottland | Highlands;Opulenter Single Malt mit roter Frucht, Orange, Karamell und dunkler Süße. Voll, elegant und genussorientiert — ein Whisky für den ruhigen Moment nach dem Essen.;;;;user-approved-curated;
csv-141-woodford-reserve;Woodford Reserve;Woodford Reserve;Whisky;Bourbon;1 Flasche;Unbekannt;100%;Süß | Nussig | Zitrisch;Pur | Cocktailbasis | Spirit-Forward | Frisch & Sour;Bourbon | Kentucky Straight Bourbon | Distiller’s Select | Vanille | Karamell | Orange | Old Fashioned | Whiskey Sour;;USA | Kentucky;Klassischer Kentucky Bourbon mit Vanille, Karamell, Orange, gerösteter Eiche und nussiger Würze. Rund, balanciert und vielseitig — stark genug für Old Fashioned und Whiskey Sour, aber weich genug für den puren Einstieg.;;;;user-approved-curated;
csv-rewe-beste-wahl-holunderbluete-getraenkesirup;REWE Beste Wahl Holunderblüte Getränkesirup;REWE Beste Wahl;Sirup / Mixer;Sirup;1 Flasche;Unbekannt;100%;Floral | Süß;Modifier | Spritz | Longdrink & Highball;Holunderblütensirup | alkoholfrei | Sirup | Sommerdrinks;;Deutschland;Alkoholfreier Holunderblütensirup mit floraler Süße für Spritz-Drinks, Limonaden und leichte Highballs. Er bringt schnell Frische und Blütenaroma ins Glas, ohne die Spirituose zu dominieren.;;;;user-approved-curated;
csv-riemerschmid-rohrzucker-bar-sirup;Riemerschmid Rohrzucker Bar-Sirup;Riemerschmid;Sirup / Mixer;Sirup;1 Flasche;Unbekannt;100%;Süß;Modifier | Frisch & Sour | Longdrink & Highball | Cocktailbasis;Rohrzuckersirup | Cane Sugar | Barsirup | Riemerschmid;;Deutschland;Klassischer Rohrzuckersirup für saubere, neutrale Süße in Cocktails. Besonders praktisch für Sours, Daiquiris, Highballs und Drinks, bei denen Zucker Struktur geben soll, ohne eigene Aromatik vorzudrängen.;;;;user-approved-curated;
csv-western-gold-kentucky-bourbon-whiskey;Western Gold Kentucky Bourbon Whiskey;Western Gold;Whisky;Bourbon;1 Flasche;Unbekannt;100%;Süß;Cocktailbasis | Spirit-Forward | Pur;Bourbon | Kentucky Bourbon | American Whiskey | Mixing Bourbon;;USA | Kentucky;Geradliniger Kentucky Bourbon mit Vanille, Karamell und leichter Eichenwürze. Ein unkomplizierter Hausbar-Bourbon für einfache Whiskey-Drinks, Longdrinks und klassische Bourbon-Cocktails.;;;;user-approved-curated;
